ID_code,Location,Lat,Long,Elevation,Location.description,Notes,Alex.GPS.point,Collector,Avg.Temp,Julyhigh,Julylow,JulyPrecip(mm),GroupName,Group,QubitPCR.Conc,Ext.Qubit.conc.,Ext.260.280,Ext.260.230,Volume.to.pool.1,Leaf_date,Weight.of.sample..mg.,Numb.leaves,Leaf_weight,Sampling.Notes.y,DOY,Date,Flowering.date,Pop,Id,Pop_shift,Lat_shift,Long_shift,LocationName,Ice_time
Pop025_10,Itilleq,66.5326,-53.41563333,20,25,,,RodgerBull,10.5,11,5,30,GREEN,Greenland,74.2,212,,,3.369272237,,,,,,232,Aug202017,,25,10,O25,63.7,-53.5,ItilleqFiordGreenland,11.5
Pop025_11,Itilleq,66.5326,-53.41563333,20,25,,,RodgerBull,10.5,11,5,30,GREEN,Greenland,70.4,111,,,3.551136364,,,,,,232,Aug202017,,25,11,O25,63.7,-53.5,ItilleqFiordGreenland,11.5
Pop025_12,Itilleq,66.5326,-53.41563333,20,25,,,RodgerBull,10.5,11,5,30,GREEN,Greenland,68.2,252,,,3.66568915,,,,,,232,Aug202017,,25,12,O25,63.7,-53.5,ItilleqFiordGreenland,11.5
Pop025_15,Itilleq,66.5326,-53.41563333,20,25,,,RodgerBull,10.5,11,5,30,GREEN,Greenland,59.6,70.2,1.49,0.91,4.194630872,2018-03-08,25,25,1,,232,Aug202017,,25,15,O25,63.7,-53.5,ItilleqFiordGreenland,11.5
Pop025_20,Itilleq,66.5326,-53.41563333,20,25,,,RodgerBull,10.5,11,5,30,GREEN,Greenland,53.2,268,,,4.69924812,,,,,,232,Aug202017,,25,20,O25,63.7,-53.5,ItilleqFiordGreenland,11.5
Pop025_24,Itilleq,66.5326,-53.41563333,20,25,,,RodgerBull,10.5,11,5,30,GREEN,Greenland,74.6,33,1.82,1.62,3.351206434,2018-03-08,25,21,1.19047619,,232,Aug202017,,25,24,O25,63.7,-53.5,ItilleqFiordGreenland,11.5
Pop025_5,Itilleq,66.5326,-53.41563333,20,25,,,RodgerBull,10.5,11,5,30,GREEN,Greenland,85.8,21.8,1.73,1.28,2.913752914,2018-03-08,24,30,0.8,,232,Aug202017,,25,5,O25,63.7,-53.5,ItilleqFiordGreenland,11.5
Pop025_6,Itilleq,66.5326,-53.41563333,20,25,,,RodgerBull,10.5,11,5,30,GREEN,Greenland,77,230,,,3.246753247,,,,,,232,Aug202017,,25,6,O25,63.7,-53.5,ItilleqFiordGreenland,11.5
Pop025_7,Itilleq,66.5326,-53.41563333,20,25,,,RodgerBull,10.5,11,5,30,GREEN,Greenland,73.4,270,,,3.40599455,,,,,,232,Aug202017,,25,7,O25,63.7,-53.5,ItilleqFiordGreenland,11.5
Pop025_9,Itilleq,66.5326,-53.41563333,20,25,,,RodgerBull,10.5,11,5,30,GREEN,Greenland,72.6,206,,,3.443526171,,,,,,232,Aug202017,,25,9,O25,63.7,-53.5,ItilleqFiordGreenland,11.5
PopAlexNew_21,Alex,78.87839,-75.77746,16,,WestHeliPoints,,CassandraElphinstone,5.5,,,,AN,Nunavut,71.8,111,,,3.48189415,,,,,,196,July152017,190,AlexNew,21,Alex,78,-64,AlexandraFiord,7.2
PopAlexNew_24,Alex,78.84978,-75.78667,,,WestHeliPoints,,CassandraElphinstone,5.5,,,,AN,Nunavut,49.8,190,,,5.020080321,,,,,,196,July152017,190,AlexNew,24,Alex,78,-64,AlexandraFiord,7.2
PopAlexNew_28,Alex,78.8833,-75.8,,RockNorthofFertSite,WestHeliPoints,,CassandraElphinstone,5.5,,,,AN,Nunavut,83.2,98.6,,,3.004807692,,,,,,196,July152017,190,AlexNew,28,Alex,78,-64,AlexandraFiord,7.2
PopAlexNew_32,Alex,78.879042,-75.716283,,EastRiver2,EastHeliPoints,,CassandraElphinstone,5.5,,,,AN,Nunavut,83.6,113,,,2.990430622,,,,,,196,July152017,190,AlexNew,32,Alex,78,-64,AlexandraFiord,7.2
PopAlexNew_33,Alex,78.85109,-75.75414,,SouthernLowland,EastHeliPoints,,CassandraElphinstone,5.5,,,,AN,Nunavut,73.2,214,,,3.415300546,,,,,,196,July152017,190,AlexNew,33,Alex,78,-64,AlexandraFiord,7.2
PopAlexNew_36,Alex,78.879926,-75.836567,,OceanNearJaegersNests,,,CassandraElphinstone,5.5,,,,AN,Nunavut,31,153,,,8.064516129,,,,,,188,July72017,190,AlexNew,36,Alex,78,-64,AlexandraFiord,7.2
PopAlexNew_42,Alex,78.88102,-75.6715,,NorthEastPlateau,,,CassandraElphinstone,5.5,,,,AN,Nunavut,81.8,202,,,3.056234719,,,,,,190,July92019,190,AlexNew,42,Alex,78,-64,AlexandraFiord,7.2
PopAlexNew_46,Alex,78.852018,-75.872235,,RidgeSouthHelmsDeepbyglacier,,,CassandraElphinstone,5.5,,,,AN,Nunavut,56.8,258,,,4.401408451,,,,,,202,July212017,190,AlexNew,46,Alex,78,-64,AlexandraFiord,7.2
PopAlexNew_47,Alex,78.855009,-75.868268,,HelmsDeepNorth,,,CassandraElphinstone,5.5,,,,AN,Nunavut,55.6,212,,,4.496402878,,,,,,202,July212017,190,AlexNew,47,Alex,78,-64,AlexandraFiord,7.2
PopAlexNew_49,Alex,78.861338,-75.901879,,TopWestDomewithDarksoil,,,CassandraElphinstone,5.5,,,,ELL2,Nunavut,69.8,102,,,3.581661891,,,,,,202,July212017,190,AlexNew,49,Alex,78,-64,AlexandraFiord,7.2
PopAlexNew_51,Alex,78.861696,-75.896495,,EastDomeLightsoil,,,CassandraElphinstone,5.5,,,,ELL2,Nunavut,82,88,,,3.048780488,,,,,,202,July212017,190,AlexNew,51,Alex,78,-64,AlexandraFiord,7.2
PopAlexNew_6,Alex,78.881814,-75.780761,,NearCamp,,,CassandraElphinstone,5.5,,,,AN,Nunavut,59.6,204,,,4.194630872,,,,,,188,July72017,190,AlexNew,6,Alex,78,-64,AlexandraFiord,7.2
PopAlexNew_68,Alex,78.846085,-75.775256,,GlendaForeland80mmarker,,224,CassandraElphinstone,5.5,,,,ELL2,Nunavut,13,196,,,19.23076923,,,,,,212,July312017,190,AlexNew,68,Alex,78,-64,AlexandraFiord,7.2
PopAlexNew_73,Alex,78.846377,-75.772957,,,,223,CassandraElphinstone,5.5,,,,ELL2,Nunavut,72.8,232,,,3.434065934,,,,,,212,July312017,190,AlexNew,73,Alex,78,-64,AlexandraFiord,7.2
PopAlexOld_21,AlexOld,78.847422,-75.791624,,AF/MF,,236,CassandraElphinstone,,,,,AO,Ancient,10.5,80.6,,,23.80952381,,,,,,212,July312017,,AlexOld,21,Alex,78,-64,AlexandraFiordOld,7.2
PopAlexOld_24,AlexOld,78.836311,-75.817164,,SWG,,229,CassandraElphinstone,,,,,AO,Ancient,17.1,264,,,14.61988304,,,,,,212,July312017,,AlexOld,24,Alex,78,-64,AlexandraFiordOld,7.2
PopAlexOld_30,AlexOld,78.846987,-75.791666,,MF,,235,CassandraElphinstone,,,,,AO,Ancient,13.2,26,,,18.93939394,,,,,,212,July312017,,AlexOld,30,Alex,78,-64,AlexandraFiordOld,7.2
PopAlexOld_33,AlexOld,78.847422,-75.791624,,MF/AF,,236,CassandraElphinstone,,,,,AO,Ancient,20.6,157,,,12.13592233,,,,,,212,July312017,,AlexOld,33,Alex,78,-64,AlexandraFiordOld,7.2
PopAlexOld_37,AlexOld,78.84801,-75.795772,,AF,,239,CassandraElphinstone,,,,,AO,Ancient,26.2,53.2,,,9.541984733,,,,,,212,July312017,,AlexOld,37,Alex,78,-64,AlexandraFiordOld,7.2
PopAlexOld_39,AlexOld,78.847921,-75.791668,,AF,,237,CassandraElphinstone,,,,,AO,Ancient,17.7,29,,,14.12429379,,,,,,212,July312017,,AlexOld,39,Alex,78,-64,AlexandraFiordOld,7.2
PopAlexOld_50,AlexOld,78.836311,-75.817164,,,,229,CassandraElphinstone,,,,,AO,Ancient,9.14,42.8,,,27.35229759,,,,,,212,July312017,,AlexOld,50,Alex,78,-64,AlexandraFiordOld,7.2
PopAlexOld_56,AlexOld,78.844833,-75.790813,,GF,,231,CassandraElphinstone,,,,,AO,Ancient,51,47.2,,,4.901960784,,,,,,212,July312017,,AlexOld,56,Alex,78,-64,AlexandraFiordOld,7.2
PopAlexOld_66,AlexOld,78.848861,-75.804709,,AF,,242,CassandraElphinstone,,,,,AO,Ancient,17.3,147,,,14.45086705,,,,,,212,July312017,,AlexOld,66,Alex,78,-64,AlexandraFiordOld,7.2
PopAlexOld_89,AlexOld,78.847861,-75.794836,,AF,SEEDS,238,CassandraElphinstone,,,,,AO,Ancient,33,46.4,,,7.575757576,,,,,,212,July312017,,AlexOld,89,Alex,78,-64,AlexandraFiordOld,7.2
PopATQ_17,AtqasukDry,70.45373011,-157.4073879,22,,,,"RobertHollister,JacobHarris",,15,6,,AK1,Alaska,65.8,66.4,1.49,0.99,3.799392097,2018-01-30,20,70,0.285714286,,175,June242017,174,ATQ,17,ATQ,68,-168.5,AtqasukDryAlaska,20
PopATQ_18,AtqasukDry,70.45373011,-157.4073879,22,,,,"RobertHollister,JacobHarris",,15,6,,AK1,Alaska,43,33.6,1.79,1.23,5.813953488,2018-01-30,21,24,0.875,,175,June242017,174,ATQ,18,ATQ,68,-168.5,AtqasukDryAlaska,20
PopATQ_19,AtqasukDry,70.45373011,-157.4073879,22,,,,"RobertHollister,JacobHarris",,15,6,,AK1,Alaska,61.8,107,2.04,1.49,4.045307443,2018-01-30,22,20,1.1,,175,June242017,174,ATQ,19,ATQ,68,-168.5,AtqasukDryAlaska,20
PopATQ_21,AtqasukDry,70.45373011,-157.4073879,22,,,,"RobertHollister,JacobHarris",,15,6,,AK1,Alaska,102,268,1.8,1.31,2.450980392,,,,,,175,June242017,174,ATQ,21,ATQ,68,-168.5,AtqasukDryAlaska,20
PopATQ_22,AtqasukDry,70.45373011,-157.4073879,22,,,,"RobertHollister,JacobHarris",,15,6,,AK1,Alaska,46,146,1.67,1.2,5.434782609,2018-01-30,20,70,0.285714286,,175,June242017,174,ATQ,22,ATQ,68,-168.5,AtqasukDryAlaska,20
PopATQ_23,AtqasukDry,70.45373011,-157.4073879,22,,,,"RobertHollister,JacobHarris",,15,6,,AK1,Alaska,75,150,1.74,1.37,3.333333333,2018-01-30,21,84,0.25,,175,June242017,174,ATQ,23,ATQ,68,-168.5,AtqasukDryAlaska,20
PopATQ_25,AtqasukDry,70.45373011,-157.4073879,22,,,,"RobertHollister,JacobHarris",,15,6,,AK1,Alaska,63.2,72.4,1.8,1.34,3.955696203,2018-01-30,23,23,1,,175,June242017,174,ATQ,25,ATQ,68,-168.5,AtqasukDryAlaska,20
PopATQ_30,AtqasukDry,70.45373011,-157.4073879,22,,,,"RobertHollister,JacobHarris",,15,6,,AK2,Alaska,56.6,43.4,1.78,1.27,4.416961131,2018-01-30,20,22,0.909090909,,175,June242017,174,ATQ,30,ATQ,68,-168.5,AtqasukDryAlaska,20
PopATQ_36,AtqasukDry,70.45373011,-157.4073879,22,,,,"RobertHollister,JacobHarris",,15,6,,AK1,Alaska,78.8,81.6,1.42,0.83,3.172588832,2018-01-30,19,22,0.863636364,,175,June242017,174,ATQ,36,ATQ,68,-168.5,AtqasukDryAlaska,20
PopATQ_37,AtqasukDry,70.45373011,-157.4073879,22,,,,"RobertHollister,JacobHarris",,15,6,,AK1,Alaska,54.4,33.2,1.8,1.41,4.595588235,2018-01-30,19,27,0.703703704,,175,June242017,174,ATQ,37,ATQ,68,-168.5,AtqasukDryAlaska,20
PopAXE_11,AxelHeiberg,79.41508333,-90.74811111,,717,,,PaulSokoloff,-2,0,-4,,ELL1,Nunavut,83.2,26,1.75,1.09,3.004807692,2018-02-16,21,29,0.724137931,,193,July122017,,AXE,11,AXE,79,-104,AxelHeibergIsland,2
PopAXE_13,AxelHeiberg,79.41508333,-90.74811111,,717,,,PaulSokoloff,-2,0,-4,,ELL1,Nunavut,74.8,14.6,1.76,1.07,3.342245989,2018-02-27,23,26,0.884615385,,193,July122017,,AXE,13,AXE,79,-104,AxelHeibergIsland,2
PopAXE_14,AxelHeiberg,79.41508333,-90.74811111,,717,,,PaulSokoloff,-2,0,-4,,ELL1,Nunavut,49.8,58.6,,,5.020080321,,,,,,193,July122017,,AXE,14,AXE,79,-104,AxelHeibergIsland,2
PopAXE_2,AxelHeiberg,79.41508333,-90.74811111,,717,,,PaulSokoloff,-2,0,-4,,ELL1,Nunavut,55.6,74,,,4.496402878,,,,,,193,July122017,,AXE,2,AXE,79,-104,AxelHeibergIsland,2
PopAXE_21,AxelHeiberg,79.41508333,-90.74811111,,717,,,PaulSokoloff,-2,0,-4,,ELL1,Nunavut,70,137,,,3.571428571,,,,,,193,July122017,,AXE,21,AXE,79,-104,AxelHeibergIsland,2
PopAXE_26,AxelHeiberg,79.41508333,-90.74811111,,717,,,PaulSokoloff,-2,0,-4,,ELL1,Nunavut,59.6,42.2,,,4.194630872,,,,,,193,July122017,,AXE,26,AXE,79,-104,AxelHeibergIsland,2
PopAXE_27,AxelHeiberg,79.41508333,-90.74811111,,717,,,PaulSokoloff,-2,0,-4,,ELL1,Nunavut,11.8,57.4,,,21.18644068,,,,,,193,July122017,,AXE,27,AXE,79,-104,AxelHeibergIsland,2
PopAXE_34,AxelHeiberg,79.41508333,-90.74811111,,717,,,PaulSokoloff,-2,0,-4,,ELL2,Nunavut,82,111,,,3.048780488,,,,,,193,July122017,,AXE,34,AXE,79,-104,AxelHeibergIsland,2
PopAXE_6,AxelHeiberg,79.41508333,-90.74811111,,717,,,PaulSokoloff,-2,0,-4,,ELL1,Nunavut,25.6,84.6,,,9.765625,,,,,,193,July122017,,AXE,6,AXE,79,-104,AxelHeibergIsland,2
PopBARD_1,BarrowDry,71.31502696,-156.5988572,5,,,,"RobertHollister,JacobHarris",4,8,1,,AK1,Alaska,87.4,200,1.84,1.4,2.860411899,,,,,,189,July82017,183,BARD,1,BARD,71,-166,BarrowDryAlaska,20
PopBARD_10,BarrowDry,71.31502696,-156.5988572,5,,,,"RobertHollister,JacobHarris",4,8,1,,AK1,Alaska,53.4,278,1.86,1.52,4.68164794,,,,,,189,July82017,183,BARD,10,BARD,71,-166,BarrowDryAlaska,20
PopBARD_11,BarrowDry,71.31502696,-156.5988572,5,,,,"RobertHollister,JacobHarris",4,8,1,,AK1,Alaska,38.4,153,1.7,1.22,6.510416667,,,,,,189,July82017,183,BARD,11,BARD,71,-166,BarrowDryAlaska,20
PopBARD_14,BarrowDry,71.31502696,-156.5988572,5,,,,"RobertHollister,JacobHarris",4,8,1,,AK1,Alaska,48.4,125,1.64,0.76,5.165289256,,,,,,189,July82017,183,BARD,14,BARD,71,-166,BarrowDryAlaska,20
PopBARD_15,BarrowDry,71.31502696,-156.5988572,5,,,,"RobertHollister,JacobHarris",4,8,1,,AK1,Alaska,80.2,158,1.83,1.24,3.117206983,,,,,,189,July82017,183,BARD,15,BARD,71,-166,BarrowDryAlaska,20
PopBARD_16,BarrowDry,71.31502696,-156.5988572,5,,,,"RobertHollister,JacobHarris",4,8,1,,AK1,Alaska,58,17.7,1.74,0.98,4.310344828,2018-01-31,23,21,1.095238095,,189,July82017,183,BARD,16,BARD,71,-166,BarrowDryAlaska,20
PopBARD_2,BarrowDry,71.31502696,-156.5988572,5,,,,"RobertHollister,JacobHarris",4,8,1,,AK1,Alaska,82.4,145,1.65,0.83,3.033980583,,,,,,189,July82017,183,BARD,2,BARD,71,-166,BarrowDryAlaska,20
PopBARD_37,BarrowDry,71.31502696,-156.5988572,5,,,,"RobertHollister,JacobHarris",4,8,1,,AK1,Alaska,75.2,91,1.65,1.13,3.324468085,2018-01-31,21,26,0.807692308,,189,July82017,183,BARD,37,BARD,71,-166,BarrowDryAlaska,20
PopBARD_38,BarrowDry,71.31502696,-156.5988572,5,,,,"RobertHollister,JacobHarris",4,8,1,,AK1,Alaska,84.4,36.6,1.84,1.23,2.962085308,2018-01-31,21,22,0.954545455,,189,July82017,183,BARD,38,BARD,71,-166,BarrowDryAlaska,20
PopBARD_9,BarrowDry,71.31502696,-156.5988572,5,,,,"RobertHollister,JacobHarris",4,8,1,,AK1,Alaska,35,218,1.77,1.06,7.142857143,,,,,,189,July82017,183,BARD,9,BARD,71,-166,BarrowDryAlaska,20
PopBY1_1,Bylot,73.15691,-79.96867,20,,Theexactfloweringdatecouldbedeterminedfromlookingatallphotostakenatthegoosecampattheendofthesummer.Pleaseremindmethisifyouhavenonewsendofseptembre,,EstherLévesqueandVincentMarie,4.5,2,-2,92,NUN,Nunavut,54.2,75.4,,,4.612546125,,,,,,192,2017-07-11,180,BY,1,BY,73.15691,-79.96867,BylotIslandPos1,10.5
PopBY1_14,Bylot,73.15691,-79.96867,20,,,,EstherLévesqueandVincentMarie,4.5,2,-2,92,NUN,Nunavut,63,39,1.87,1.36,3.968253968,2018-03-05,23,24,0.958333333,Theexactfloweringdatecouldbedeterminedfromlookingatallphotostakenatthegoosecampattheendofthesummer.Pleaseremindmethisifyouhavenonewsendofseptembre,192,2017-07-11,180,BY,14,BY,73.15691,-79.96867,BylotIslandPos1,10.5
PopBY1_5,Bylot,73.15691,-79.96867,20,,,,EstherLévesqueandVincentMarie,4.5,2,-2,92,NUN,Nunavut,44.8,68,,,5.580357143,,,,,,192,2017-07-11,180,BY,5,BY,73.15691,-79.96867,BylotIslandPos1,10.5
PopBY1_7,Bylot,73.15691,-79.96867,20,,,,EstherLévesqueandVincentMarie,4.5,2,-2,92,NUN,Nunavut,45.8,174,,,5.458515284,,,,,,192,2017-07-11,180,BY,7,BY,73.15691,-79.96867,BylotIslandPos1,10.5
PopBY2_12,Bylot,73.15691,-79.96867,20,,,,EstherLévesqueandVincentMarie,4.5,2,-2,92,NUN,Nunavut,55.8,98,,,4.480286738,,,,,,192,2017-07-11,180,BY,12,BY,73.15691,-79.96867,BylotIslandPos2,10.5
PopBY2_3,Bylot,73.15691,-79.96867,20,,,,EstherLévesqueandVincentMarie,4.5,2,-2,92,NUN,Nunavut,64.4,116,,,3.881987578,,,,,,192,2017-07-11,180,BY,3,BY,73.15691,-79.96867,BylotIslandPos2,10.5
PopBY2_9,Bylot,73.15691,-79.96867,20,,,,EstherLévesqueandVincentMarie,4.5,2,-2,92,NUN,Nunavut,23.2,37.8,1.88,1.43,10.77586207,2018-03-05,23,30,0.766666667,,192,2017-07-11,180,BY,9,BY,73.15691,-79.96867,BylotIslandPos2,10.5
PopBY3_14,Bylot,73.15691,-79.96867,20,,,,EstherLévesqueandVincentMarie,4.5,2,-2,92,NUN,Nunavut,87.2,105,,,2.866972477,,,,,,192,2017-07-11,180,BY,14,BY,73.15691,-79.96867,BylotIslandPos3,10.5
PopBY3_18,Bylot,73.15691,-79.96867,20,,,,EstherLévesqueandVincentMarie,4.5,2,-2,92,NUN,Nunavut,51.2,34,1.84,1.32,4.8828125,2018-03-05,19,27,0.703703704,,192,2017-07-11,180,BY,18,BY,73.15691,-79.96867,BylotIslandPos3,10.5
PopBY3_19,Bylot,73.15691,-79.96867,20,,,,EstherLévesqueandVincentMarie,4.5,2,-2,92,NUN,Nunavut,63.2,53.2,,,3.955696203,,,,,,192,2017-07-11,180,BY,19,BY,73.15691,-79.96867,BylotIslandPos3,10.5
PopCR_1,ClydeRiver,70.4844,-68.5131,27,byairport,,,CassandraElphinstone,4.5,,,,NUN,Nunavut,67,174,,,3.731343284,,,,,,183,July22017,,CR,1,CR,70.4844,-68.5131,ClydeRiver,10.5
PopCR_10,ClydeRiver,70.4844,-68.5131,27,byairport,,,CassandraElphinstone,4.5,,,,NUN,Nunavut,38.4,77,1.75,1.17,6.510416667,2018-03-07,21,20,1.05,duplicate30mg,183,July22017,,CR,10,CR,70.4844,-68.5131,ClydeRiver,10.5
PopCR_12,ClydeRiver,70.4844,-68.5131,27,byairport,,,CassandraElphinstone,4.5,,,,NUN,Nunavut,24.4,115,,,10.24590164,,,,,,183,July22017,,CR,12,CR,70.4844,-68.5131,ClydeRiver,10.5
PopCR_13,ClydeRiver,70.4844,-68.5131,27,byairport,,,CassandraElphinstone,4.5,,,,NUN,Nunavut,71.4,278,,,3.50140056,,,,,,183,July22017,,CR,13,CR,70.4844,-68.5131,ClydeRiver,10.5
PopCR_17,ClydeRiver,70.4844,-68.5131,27,byairport,,,CassandraElphinstone,4.5,,,,NUN,Nunavut,61.2,185,,,4.08496732,,,,,,183,July22017,,CR,17,CR,70.4844,-68.5131,ClydeRiver,10.5
PopCR_2,ClydeRiver,70.4844,-68.5131,27,byairport,,,CassandraElphinstone,4.5,,,,NUN,Nunavut,60.4,98.4,1.61,1.25,4.139072848,2018-03-07,24,36,0.666666667,duplicate,183,July22017,,CR,2,CR,70.4844,-68.5131,ClydeRiver,10.5
PopCR_4,ClydeRiver,70.4844,-68.5131,27,byairport,,,CassandraElphinstone,4.5,,,,NUN,Nunavut,57.6,97.2,,,4.340277778,,,,,,183,July22017,,CR,4,CR,70.4844,-68.5131,ClydeRiver,10.5
PopCR_5,ClydeRiver,70.4844,-68.5131,27,byairport,,,CassandraElphinstone,4.5,,,,NUN,Nunavut,80.4,83.4,1.83,1.59,3.109452736,2018-03-07,24,28,0.857142857,duplicate30mg,183,July22017,,CR,5,CR,70.4844,-68.5131,ClydeRiver,10.5
PopCR_7,ClydeRiver,70.4844,-68.5131,27,byairport,,,CassandraElphinstone,4.5,,,,NUN,Nunavut,54.8,100,,,4.562043796,,,,,,183,July22017,,CR,7,CR,70.4844,-68.5131,ClydeRiver,10.5
PopCR_9,ClydeRiver,70.4844,-68.5131,27,byairport,,,CassandraElphinstone,4.5,,,,NUN,Nunavut,84,260,,,2.976190476,,,,,,183,July22017,,CR,9,CR,70.4844,-68.5131,ClydeRiver,10.5
PopDEN_1,Denali,63.0769167,-146.2230278,1022,Coll#1193,,,MichaelMoody,7,,,,AK2,Alaska,79.4,17,1.85,1.33,3.14861461,2018-02-06,21,15,1.4,,212,July312017,,DEN,1,DEN,63.0769167,-146.2230278,DenaliAlaska,12.5
PopDEN_15,Denali,63.0769167,-146.2230278,1022,Coll#1193,,,MichaelMoody,7,,,,AK2,Alaska,76,198,,,3.289473684,,,,,,212,July312017,,DEN,1u,DEN,63.0769167,-146.2230278,DenaliAlaska,12.5
PopDEN_2,Denali,63.0769167,-146.2230278,1022,Coll#1193,,,MichaelMoody,7,,,,AK2,Alaska,75.6,95,1.63,1.07,3.306878307,2018-02-06,22,21,1.047619048,,212,July312017,,DEN,2,DEN,63.0769167,-146.2230278,DenaliAlaska,12.5
PopDEN_2u,Denali,63.0769167,-146.2230278,1022,Coll#1193,,,MichaelMoody,7,,,,AK2,Alaska,38.2,280,,,6.544502618,,,,,,212,July312017,,DEN,2u,DEN,63.0769167,-146.2230278,DenaliAlaska,12.5
PopDEN_3,Denali,63.0769167,-146.2230278,1022,Coll#1193,,,MichaelMoody,7,,,,AK2,Alaska,69,25.4,1.81,1.22,3.623188406,2018-02-06,21,22,0.954545455,,212,July312017,,DEN,3,DEN,63.0769167,-146.2230278,DenaliAlaska,12.5
PopDEN_3u,Denali,63.0769167,-146.2230278,1022,Coll#1193,,,MichaelMoody,7,,,,AK2,Alaska,53.4,296,,,4.68164794,,,,,,212,July312017,,DEN,3u,DEN,63.0769167,-146.2230278,DenaliAlaska,12.5
PopDEN_4,Denali,63.0769167,-146.2230278,1022,Coll#1193,,,MichaelMoody,7,,,,AK2,Alaska,64.4,55.8,1.61,0.89,3.881987578,2018-02-06,21,21,1,,212,July312017,,DEN,4,DEN,63.0769167,-146.2230278,DenaliAlaska,12.5
PopDEN_4u,Denali,63.0769167,-146.2230278,1022,Coll#1193,,,MichaelMoody,7,,,,AK2,Alaska,63,236,,,3.968253968,,,,,,212,July312017,,DEN,4u,DEN,63.0769167,-146.2230278,DenaliAlaska,12.5
PopDEN_5,Denali,63.0769167,-146.2230278,1022,Coll#1193,,,MichaelMoody,7,,,,AK2,Alaska,71.2,105,1.55,0.83,3.511235955,2018-02-06,24,33,0.727272727,,212,July312017,,DEN,5,DEN,63.0769167,-146.2230278,DenaliAlaska,12.5
PopDEN_55,Denali,63.0769167,-146.2230278,1022,Coll#1193,,,MichaelMoody,7,,,,AK2,Alaska,77.8,284,,,3.213367609,,,,,,212,July312017,,DEN,5u,DEN,63.0769167,-146.2230278,DenaliAlaska,12.5
PopDLG_10,Lyngmarksfjeld,69.2703,-53.5635,390,,,,PerMolgaard,6,,,,GREEN,Greenland,60,204,,,4.166666667,,,,,,180,2017-06-29,175,DLG,10,DLG,72,-58,DiskoLyngmarksfjeldGreenland,11.5
PopDLG_11,Lyngmarksfjeld,69.2703,-53.5635,390,,,,PerMolgaard,6,,,,GREEN,Greenland,61.2,222,,,4.08496732,,,,,,180,2017-06-29,175,DLG,11,DLG,72,-58,DiskoLyngmarksfjeldGreenland,11.5
PopDLG_12,Lyngmarksfjeld,69.2703,-53.5635,390,,,,PerMolgaard,6,,,,GREEN,Greenland,50.8,192,,,4.921259843,,,,,,180,2017-06-29,175,DLG,12,DLG,72,-58,DiskoLyngmarksfjeldGreenland,11.5
PopDLG_13,Lyngmarksfjeld,69.2703,-53.5635,390,,,,PerMolgaard,6,,,,GREEN,Greenland,30.2,54.8,1.47,0.73,8.278145695,2018-03-07,23,21,1.095238095,duplicate,180,2017-06-29,175,DLG,13,DLG,72,-58,DiskoLyngmarksfjeldGreenland,11.5
PopDLG_14,Lyngmarksfjeld,69.2703,-53.5635,390,,,,PerMolgaard,6,,,,GREEN,Greenland,57.4,138,,,4.355400697,,,,,,180,2017-06-29,175,DLG,14,DLG,72,-58,DiskoLyngmarksfjeldGreenland,11.5
PopDLG_16,Lyngmarksfjeld,69.2703,-53.5635,390,,,,PerMolgaard,6,,,,GREEN,Greenland,74,198,,,3.378378378,,,,,,180,2017-06-29,175,DLG,16,DLG,72,-58,DiskoLyngmarksfjeldGreenland,11.5
PopDLG_17,Lyngmarksfjeld,69.2703,-53.5635,390,,,,PerMolgaard,6,,,,GREEN,Greenland,55.4,252,,,4.512635379,,,,,,180,2017-06-29,175,DLG,17,DLG,72,-58,DiskoLyngmarksfjeldGreenland,11.5
PopDLG_7,Lyngmarksfjeld,69.2703,-53.5635,390,,,,PerMolgaard,6,,,,GREEN,Greenland,41.8,65.2,1.77,1.17,5.980861244,2018-03-07,24,23,1.043478261,duplicate,180,2017-06-29,175,DLG,7,DLG,72,-58,DiskoLyngmarksfjeldGreenland,11.5
PopDLG_8,Lyngmarksfjeld,69.2703,-53.5635,390,,,,PerMolgaard,6,,,,GREEN,Greenland,64,280,,,3.90625,,,,,,180,2017-06-29,175,DLG,8,DLG,72,-58,DiskoLyngmarksfjeldGreenland,11.5
PopDLG_9,Lyngmarksfjeld,69.2703,-53.5635,390,,,,PerMolgaard,6,,,,GREEN,Greenland,52.4,78.8,1.35,0.75,4.770992366,2018-03-07,23,35,0.657142857,duplicate,180,2017-06-29,175,DLG,9,DLG,72,-58,DiskoLyngmarksfjeldGreenland,11.5
PopDQG_1,Qeqertarsuaq,69.2541,-53.5176,20,,,,PerMolgaard,7,,,,GREEN,Greenland,62.8,135,,,3.98089172,,,,,,182,2017-07-01,175,DQG,1,DQG,71,-47,DiskoQeqertarsuaqGreenland,11.5
PopDQG_10,Qeqertarsuaq,69.2541,-53.5176,20,,,,PerMolgaard,7,,,,GREEN,Greenland,70.2,81,1.7,1.03,3.561253561,2018-03-07,23,19,1.210526316,duplicate,182,2017-07-01,175,DQG,10,DQG,71,-47,DiskoQeqertarsuaqGreenland,11.5
PopDQG_11,Qeqertarsuaq,69.2541,-53.5176,20,,,,PerMolgaard,7,,,,GREEN,Greenland,57.8,119,,,4.325259516,,,,,,182,2017-07-01,175,DQG,11,DQG,71,-47,DiskoQeqertarsuaqGreenland,11.5
PopDQG_12,Qeqertarsuaq,69.2541,-53.5176,20,,,,PerMolgaard,7,,,,GREEN,Greenland,52.6,27.8,1.77,1.1,4.752851711,2018-03-08,23,22,1.045454545,,182,2017-07-01,175,DQG,12,DQG,71,-47,DiskoQeqertarsuaqGreenland,11.5
PopDQG_13,Qeqertarsuaq,69.2541,-53.5176,20,,,,PerMolgaard,7,,,,GREEN,Greenland,31.4,101,,,7.961783439,,,,,,182,2017-07-01,175,DQG,13,DQG,71,-47,DiskoQeqertarsuaqGreenland,11.5
PopDQG_14,Qeqertarsuaq,69.2541,-53.5176,20,,,,PerMolgaard,7,,,,GREEN,Greenland,62.8,266,,,3.98089172,,,,,,182,2017-07-01,175,DQG,14,DQG,71,-47,DiskoQeqertarsuaqGreenland,11.5
PopDQG_2,Qeqertarsuaq,69.2541,-53.5176,20,,,,PerMolgaard,7,,,,GREEN,Greenland,64,48.4,1.56,0.94,3.90625,2018-03-07,25,24,1.041666667,duplicate,182,2017-07-01,175,DQG,2,DQG,71,-47,DiskoQeqertarsuaqGreenland,11.5
PopDQG_3,Qeqertarsuaq,69.2541,-53.5176,20,,,,PerMolgaard,7,,,,GREEN,Greenland,63.2,236,,,3.955696203,,,,,,182,2017-07-01,175,DQG,3,DQG,71,-47,DiskoQeqertarsuaqGreenland,11.5
PopDQG_4,Qeqertarsuaq,69.2541,-53.5176,20,,,,PerMolgaard,7,,,,GREEN,Greenland,57.2,248,,,4.370629371,,,,,,182,2017-07-01,175,DQG,4,DQG,71,-47,DiskoQeqertarsuaqGreenland,11.5
PopDQG_6,Qeqertarsuaq,69.2541,-53.5176,20,,,,PerMolgaard,7,,,,GREEN,Greenland,39.4,119,,,6.345177665,,,,,,182,2017-07-01,175,DQG,6,DQG,71,-47,DiskoQeqertarsuaqGreenland,11.5
PopEUR_1,Eureka,79.99759444,-85.81643889,,707,,,PaulSokoloff,,,,,ELL1,Nunavut,68.2,37.6,1.67,0.93,3.66568915,2018-02-27,22,38,0.578947368,,191,July112016,,EUR,1,FOS,83,-107,EurekaNunavut,8.5
PopEUR_21,Eureka,79.99759444,-85.81643889,,707,,,PaulSokoloff,,,,,ELL1,Nunavut,71.4,38.2,1.66,0.98,3.50140056,2018-02-27,23,36,0.638888889,,192,July112017,,EUR,21,FOS,83,-107,EurekaNunavut,8.5
PopEUR_22,Eureka,79.99759444,-85.81643889,,707,,,PaulSokoloff,,,,,ELL1,Nunavut,75.2,85,1.71,1.06,3.324468085,2018-02-27,18,26,0.692307692,,192,July112017,,EUR,22,FOS,83,-107,EurekaNunavut,8.5
PopEUR_34,Eureka,79.99759444,-85.81643889,,707,,,PaulSokoloff,,,,,ELL1,Nunavut,23.6,80.2,,,10.59322034,,,,,,192,July112017,,EUR,34,FOS,83,-107,EurekaNunavut,8.5
PopEUR_5,Eureka,79.99759444,-85.81643889,,707,,,PaulSokoloff,,,,,ELL1,Nunavut,74,33.8,1.74,1.09,3.378378378,2018-02-27,21,24,0.875,,192,July112017,,EUR,5,FOS,83,-107,EurekaNunavut,8.5
PopFOS_2,Fosheim,80.12105556,-84.80794444,,656,,,PaulSokoloff,,,,,ELL1,Nunavut,66.8,71.8,,,3.74251497,,,,,,188,July72017,,FOS,2,FOS,83,-107,FosheimPeninsula,8.5
PopFOS_3,Fosheim,80.12105556,-84.80794444,,656,,,PaulSokoloff,,,,,ELL1,Nunavut,54,15.8,1.83,1.72,4.62962963,2018-02-27,21,26,0.807692308,,188,July72017,,FOS,3,FOS,83,-107,FosheimPeninsula,8.5
PopFOS_7,Fosheim,80.12105556,-84.80794444,,656,,,PaulSokoloff,,,,,ELL1,Nunavut,70.6,18.6,1.58,0.73,3.541076487,2018-02-27,23,51,0.450980392,,188,July72017,,FOS,7,FOS,83,-107,FosheimPeninsula,8.5
PopFOS_8,Fosheim,80.12105556,-84.80794444,,656,,,PaulSokoloff,,,,,ELL1,Nunavut,67.8,99.8,,,3.687315634,,,,,,188,July72017,,FOS,8,FOS,83,-107,FosheimPeninsula,8.5
PopGEN_1,GentianPeak,49.9511,-122.99,2197,atthesummit,,,CassandraElphinstone,,14,4,48,CT,BCtet,103,69.8,1.47,1.06,2.427184466,2018-02-09,23,36,0.638888889,,231,Aug192017,,GEN,1,GEN,50.4,-119,GentianPeak,10.5
PopGEN_10,GentianPeak,49.9511,-122.99,2197,atthesummit,,,CassandraElphinstone,,14,4,48,CT,BCtet,77.6,68,1.75,1.27,3.221649485,2018-02-15,16,26,0.615384615,,231,Aug192017,,GEN,10,GEN,50.4,-119,GentianPeak,10.5
PopGEN_2,GentianPeak,49.9511,-122.99,2197,atthesummit,,,CassandraElphinstone,,14,4,48,CT,BCtet,69.6,70.6,1.56,0.9,3.591954023,2018-02-09,20,35,0.571428571,,231,Aug192017,,GEN,2,GEN,50.4,-119,GentianPeak,10.5
PopGEN_3,GentianPeak,49.9511,-122.99,2197,atthesummit,,,CassandraElphinstone,,14,4,48,CT,BCtet,73.2,61,1.56,0.79,3.415300546,2018-02-09,22,43,0.511627907,,231,Aug192017,,GEN,3,GEN,50.4,-119,GentianPeak,10.5
PopGEN_4,GentianPeak,49.9511,-122.99,2197,atthesummit,,,CassandraElphinstone,,14,4,48,CT,BCtet,75.6,38.2,1.56,0.81,3.306878307,2018-02-09,25,36,0.694444444,,231,Aug192017,,GEN,4,GEN,50.4,-119,GentianPeak,10.5
PopGEN_5,GentianPeak,49.9511,-122.99,2197,atthesummit,,,CassandraElphinstone,,14,4,48,CT,BCtet,71,67.4,1.43,0.67,3.521126761,2018-02-09,20,30,0.666666667,,231,Aug192017,,GEN,5,GEN,50.4,-119,GentianPeak,10.5
PopGEN_6,GentianPeak,49.9511,-122.99,2197,atthesummit,,,CassandraElphinstone,,14,4,48,CT,BCtet,66.6,42,1.69,0.95,3.753753754,2018-02-09,20,29,0.689655172,,231,Aug192017,,GEN,6,GEN,50.4,-119,GentianPeak,10.5
PopGEN_7,GentianPeak,49.9511,-122.99,2197,atthesummit,,,CassandraElphinstone,,14,4,48,CT,BCtet,60.6,44.4,1.61,0.75,4.125412541,2018-02-09,23,45,0.511111111,,231,Aug192017,,GEN,7,GEN,50.4,-119,GentianPeak,10.5
PopGEN_8,GentianPeak,49.9511,-122.99,2197,atthesummit,,,CassandraElphinstone,,14,4,48,CT,BCtet,62.2,40.2,1.71,0.94,4.019292605,2018-02-09,20,22,0.909090909,,231,Aug192017,,GEN,8,GEN,50.4,-119,GentianPeak,10.5
PopGEN_9,GentianPeak,49.9511,-122.99,2197,atthesummit,,,CassandraElphinstone,,14,4,48,CT,BCtet,80.2,50,1.72,1.04,3.117206983,2018-02-15,24,31,0.774193548,,231,Aug192017,,GEN,9,GEN,50.4,-119,GentianPeak,10.5
PopGF_1,Grise,76.4261,-82.9094,,byairport,,,CassandraElphinstone,5,-1,-2,20,ELL2,Nunavut,74,16.4,1.71,0.96,3.378378378,2018-03-01,21,36,0.583333333,,222,August102017,,GF,1,GF,75,-93,GriseFiord,9.5
PopGF_3,Grise,76.4261,-82.9094,,byairport,,,CassandraElphinstone,5,-1,-2,20,ELL2,Nunavut,62.6,31.8,1.63,0.89,3.993610224,2018-03-01,21,24,0.875,,222,August102017,,GF,3,GF,75,-93,GriseFiord,9.5
PopGF_4,Grise,76.4261,-82.9094,,byairport,,,CassandraElphinstone,5,-1,-2,20,ELL2,Nunavut,94.2,32.4,1.77,1.26,2.653927813,2018-03-01,21,43,0.488372093,,222,August102017,,GF,4,GF,75,-93,GriseFiord,9.5
PopGF_5,Grise,76.4261,-82.9094,,byairport,,,CassandraElphinstone,5,-1,-2,20,ELL2,Nunavut,74.2,23.6,1.66,0.9,3.369272237,2018-03-01,23,35,0.657142857,,222,August102018,,GF,5,GF,75,-93,GriseFiord,9.5
PopHAR_1,HarrisonHut,50.526481,-123.435466,1561,inforestontrail,,,CassandraElphinstone,,,,,CM,BCmer,30.4,80.4,1.37,0.54,8.223684211,,,,,,169,June182017,,HAR,1,MER,53,-124,HarrisonHut,10.5
PopHAR_13,HarrisonHut,50.520663,-123.431903,1720,HarrisonHut,,,CassandraElphinstone,,,,,CM,BCmer,16.5,86.2,1.38,0.6,15.15151515,,,,,,169,June182017,,HAR,13,MER,53,-124,HarrisonHut,10.5
PopHAR_21,HarrisonHut,50.523183,-123.434188,1679,inforestontrail,,,CassandraElphinstone,,,,,CM,BCmer,56.6,54.6,1.47,0.85,4.416961131,,,,,,169,June182017,,HAR,21,MER,53,-124,HarrisonHut,10.5
PopHAR_27,HarrisonHut,50.526481,-123.435466,1562,inforestontrail,,,CassandraElphinstone,,,,,CM,BCmer,18.1,106,1.5,0.46,13.8121547,,,,,,169,June182017,,HAR,27,MER,53,-124,HarrisonHut,10.5
PopHAR_30,HarrisonHut,50.526481,-123.435466,1562,inforestontrail,,,CassandraElphinstone,,,,,CM,BCmer,28.4,105,1.48,1.03,8.802816901,,,,,,169,June182017,,HAR,30,MER,53,-124,HarrisonHut,10.5
PopHAR_6,HarrisonHut,50.51508,-123.427763,1824,baseofmoraineabovehut,,,CassandraElphinstone,,,,,CM,BCmer,20.4,81.6,1.42,0.56,12.25490196,,,,,,169,June182017,,HAR,6,MER,53,-124,HarrisonHut,10.5
PopHAR_8,HarrisonHut,50.513698,-123.427335,1864,bylakeandmoraineabovehut,,,CassandraElphinstone,,,,,CM,BCmer,42.6,106,1.35,0.59,5.868544601,,,,,,169,June182017,,HAR,8,MER,53,-124,HarrisonHut,10.5
PopHAZ_18,LakeHazen,81.82744444,-71.33658333,,796,,,PaulSokoloff,,,,,ELL2,Nunavut,69,169,,,3.623188406,,,,,,197,July162017,,HAZ,18,HAZ,85,-55,LakeHazenNunavut,5.5
PopHAZ_20,LakeHazen,81.82744444,-71.33658333,,796,,,PaulSokoloff,,,,,ELL2,Nunavut,60.8,62.2,1.86,1.9,4.111842105,2018-03-05,25,37,0.675675676,,197,July162017,,HAZ,20,HAZ,85,-55,LakeHazenNunavut,5.5
PopHAZ_22,LakeHazen,81.82744444,-71.33658333,,796,,,PaulSokoloff,,,,,ELL2,Nunavut,55.2,90,1.43,1.03,4.528985507,2018-03-05,25,21,1.19047619,,197,July162017,,HAZ,22,HAZ,85,-55,LakeHazenNunavut,5.5
PopHAZ_24,LakeHazen,81.82744444,-71.33658333,,796,,,PaulSokoloff,,,,,ELL2,Nunavut,85.6,44.2,1.75,1.21,2.920560748,2018-03-05,20,19,1.052631579,,197,July162017,,HAZ,24,HAZ,85,-55,LakeHazenNunavut,5.5
PopHAZ_26,LakeHazen,81.82744444,-71.33658333,,796,,,PaulSokoloff,,,,,ELL2,Nunavut,81.2,126,,,3.078817734,,,,,,197,July162017,,HAZ,26,HAZ,85,-55,LakeHazenNunavut,5.5
PopHAZ_29,LakeHazen,81.82744444,-71.33658333,,796,,,PaulSokoloff,,,,,ELL2,Nunavut,71.4,147,,,3.50140056,,,,,,197,July162017,,HAZ,29,HAZ,85,-55,LakeHazenNunavut,5.5
PopHAZ_33,LakeHazen,81.82744444,-71.33658333,,796,,,PaulSokoloff,,,,,ELL2,Nunavut,64.6,57.2,1.33,0.87,3.86996904,2018-03-05,22,20,1.1,,197,July162017,,HAZ,33,HAZ,85,-55,LakeHazenNunavut,5.5
PopHAZ_34,LakeHazen,81.82744444,-71.33658333,,796,,,PaulSokoloff,,,,,ELL2,Nunavut,26.2,77.6,,,9.541984733,,,,,,197,July162017,,HAZ,34,HAZ,85,-55,LakeHazenNunavut,5.5
PopHAZ_6,LakeHazen,81.82744444,-71.33658333,,796,,,PaulSokoloff,,,,,ELL2,Nunavut,80.4,56,1.42,1.04,3.109452736,2018-03-05,24,23,1.043478261,,197,July162017,,HAZ,6,HAZ,85,-55,LakeHazenNunavut,5.5
PopHAZ_9,LakeHazen,81.82744444,-71.33658333,,796,,,PaulSokoloff,,,,,ELL2,Nunavut,55,145,,,4.545454545,,,,,,197,July162017,,HAZ,9,HAZ,85,-55,LakeHazenNunavut,5.5
PopIG_10,Ilulissat,69.207,-51.105,55,,,,PerMolgaard,7,,,,GREEN,Greenland,53,250,,,4.716981132,,,,,,177,2017-06-26,175,IG,10,IG,67,-47,IlulissatGreenland,9.5
PopIG_12,Ilulissat,69.207,-51.105,55,,,,PerMolgaard,7,,,,GREEN,Greenland,67.4,220,,,3.709198813,,,,,,177,2017-06-26,175,IG,12,IG,67,-47,IlulissatGreenland,9.5
PopIG_14,Ilulissat,69.207,-51.105,55,,,,PerMolgaard,7,,,,GREEN,Greenland,42.8,50,1.6,0.81,5.841121495,2018-03-08,25,22,1.136363636,,177,2017-06-26,175,IG,14,IG,67,-47,IlulissatGreenland,9.5
PopIG_2,Ilulissat,69.207,-51.105,55,,,,PerMolgaard,7,,,,GREEN,Greenland,5.84,53.8,1.83,1.77,42.80821918,2018-03-08,23,23,1,,177,2017-06-26,175,IG,2,IG,67,-47,IlulissatGreenland,9.5
PopIG_3,Ilulissat,69.207,-51.105,55,,,,PerMolgaard,7,,,,GREEN,Greenland,47.2,394,,,5.296610169,,,,,,177,2017-06-26,175,IG,3,IG,67,-47,IlulissatGreenland,9.5
PopIG_4,Ilulissat,69.207,-51.105,55,,,,PerMolgaard,7,,,,GREEN,Greenland,48.2,296,,,5.186721992,,,,,,177,2017-06-26,175,IG,4,IG,67,-47,IlulissatGreenland,9.5
PopIG_5,Ilulissat,69.207,-51.105,55,,,,PerMolgaard,7,,,,GREEN,Greenland,28.4,43.2,1.78,1.45,8.802816901,2018-03-08,25,19,1.315789474,,177,2017-06-26,175,IG,5,IG,67,-47,IlulissatGreenland,9.5
PopIG_6,Ilulissat,69.207,-51.105,55,,,,PerMolgaard,7,,,,GREEN,Greenland,55.2,368,,,4.528985507,,,,,,177,2017-06-26,175,IG,6,IG,67,-47,IlulissatGreenland,9.5
PopIG_8,Ilulissat,69.207,-51.105,55,,,,PerMolgaard,7,,,,GREEN,Greenland,4.58,362,,,54.58515284,,,,,,177,2017-06-26,175,IG,8,IG,67,-47,IlulissatGreenland,9.5
PopIG_9,Ilulissat,69.207,-51.105,55,,,,PerMolgaard,7,,,,GREEN,Greenland,61.8,210,,,4.045307443,,,,,,177,2017-06-26,175,IG,9,IG,67,-47,IlulissatGreenland,9.5
PopIMN_1,ImnavaitCreek,68.61736,-149.3092,925,"KeporukRidge,Alaska","Sagavarirktokglaciation300,000-600,000years",,"EdRustetter,ErinGleeson,GusShaver",,,,,BER,Alaska,65.2,61.6,1.81,1.39,3.834355828,2018-02-01,22,30,0.733333333,"Sagavarirktokglaciation300,000-600,000years",207,July262017,,IMN,1,IMN,67,-140,ImnavaitCreek,20
PopIMN_11,ImnavaitCreek,68.61736,-149.3092,925,"KeporukRidge,Alaska","Sagavarirktokglaciation300,000-600,000years",,"EdRustetter,ErinGleeson,GusShaver",,,,,BER,Alaska,47.8,76,1.51,0.61,5.230125523,,,,,"Sagavarirktokglaciation300,000-600,000years",207,July262017,,IMN,11,IMN,67,-140,ImnavaitCreek,20
PopIMN_13,ImnavaitCreek,68.61736,-149.3092,925,"KeporukRidge,Alaska","Sagavarirktokglaciation300,000-600,000years",,"EdRustetter,ErinGleeson,GusShaver",,,,,BER,Alaska,41.6,38.6,1.8,1.36,6.009615385,2018-02-01,22,35,0.628571429,"Sagavarirktokglaciation300,000-600,000years",207,July262017,,IMN,13,IMN,67,-140,ImnavaitCreek,20
PopIMN_15,ImnavaitCreek,68.61736,-149.3092,925,"KeporukRidge,Alaska","Sagavarirktokglaciation300,000-600,000years",,"EdRustetter,ErinGleeson,GusShaver",,,,,BER,Alaska,49.8,88.6,1.54,1.12,5.020080321,,,,,"Sagavarirktokglaciation300,000-600,000years",207,July262017,,IMN,15,IMN,67,-140,ImnavaitCreek,20
PopIMN_17,ImnavaitCreek,68.61736,-149.3092,925,"KeporukRidge,Alaska","Sagavarirktokglaciation300,000-600,000years",,"EdRustetter,ErinGleeson,GusShaver",,,,,BER,Alaska,41.4,18,1.57,1.02,6.038647343,2018-02-01,23,37,0.621621622,"Sagavarirktokglaciation300,000-600,000years",207,July262017,,IMN,17,IMN,67,-140,ImnavaitCreek,20
PopIMN_2,ImnavaitCreek,68.61736,-149.3092,925,"KeporukRidge,Alaska","Sagavarirktokglaciation300,000-600,000years",,"EdRustetter,ErinGleeson,GusShaver",,,,,BER,Alaska,64.8,134,1.58,0.7,3.858024691,,,,,"Sagavarirktokglaciation300,000-600,000years",207,July262017,,IMN,2,IMN,67,-140,ImnavaitCreek,20
PopIMN_20,ImnavaitCreek,68.61736,-149.3092,925,"KeporukRidge,Alaska","Sagavarirktokglaciation300,000-600,000years",,"EdRustetter,ErinGleeson,GusShaver",,,,,BER,Alaska,30.8,105,1.52,0.6,8.116883117,,,,,"Sagavarirktokglaciation300,000-600,000years",207,July262017,,IMN,20,IMN,67,-140,ImnavaitCreek,20
PopIMN_21,ImnavaitCreek,68.61736,-149.3092,925,"KeporukRidge,Alaska","Sagavarirktokglaciation300,000-600,000years",,"EdRustetter,ErinGleeson,GusShaver",,,,,BER,Alaska,50,154,1.56,0.65,5,,,,,"Sagavarirktokglaciation300,000-600,000years",207,July262017,,IMN,21,IMN,67,-140,ImnavaitCreek,20
PopIMN_5,ImnavaitCreek,68.61736,-149.3092,925,"KeporukRidge,Alaska","Sagavarirktokglaciation300,000-600,000years",,"EdRustetter,ErinGleeson,GusShaver",,,,,BER,Alaska,69.2,54,1.88,1.79,3.612716763,2018-02-06,21,24,0.875,"Sagavarirktokglaciation300,000-600,000years",207,July262017,,IMN,5,IMN,67,-140,ImnavaitCreek,20
PopIMN_7,ImnavaitCreek,68.61736,-149.3092,925,"KeporukRidge,Alaska","Sagavarirktokglaciation300,000-600,000years",,"EdRustetter,ErinGleeson,GusShaver",,,,,BER,Alaska,40.2,46.2,1.82,1.33,6.218905473,2018-02-01,23,60,0.383333333,"Sagavarirktokglaciation300,000-600,000years",207,July262017,,IMN,7,IMN,67,-140,ImnavaitCreek,20
PopIq_10,Iqaluit,63.7467,-68.517,,,,,GregHenry,,,,,NUN,Nunavut,59,60,,,4.237288136,,,,,,249,Sept62017,,Iq,10,Iq,63.7467,-68.517,IqaluitNunavut,8.5
PopIq_13,Iqaluit,63.7467,-68.517,,,,,GregHenry,,,,,NUN,Nunavut,92.4,66,1.66,0.95,2.705627706,,,,,,249,Sept62017,,Iq,13,Iq,63.7467,-68.517,IqaluitNunavut,8.5
PopIq_15,Iqaluit,63.7467,-68.517,,,,,GregHenry,,,,,NUN,Nunavut,70.6,133,,,3.541076487,,,,,,249,Sept62017,,Iq,15,Iq,63.7467,-68.517,IqaluitNunavut,8.5
PopIq_16,Iqaluit,63.7467,-68.517,,,,,GregHenry,,,,,NUN,Nunavut,26,67,1.73,1.07,9.615384615,,,,,,249,Sept62017,,Iq,16,Iq,63.7467,-68.517,IqaluitNunavut,8.5
PopIq_17,Iqaluit,63.7467,-68.517,,,,,GregHenry,,,,,NUN,Nunavut,61,65.2,,,4.098360656,,,,,,249,Sept62017,,Iq,17,Iq,63.7467,-68.517,IqaluitNunavut,8.5
PopIq_2,Iqaluit,63.7467,-68.517,,,,,GregHenry,,,,,NUN,Nunavut,80.8,27.8,,,3.094059406,,,,,,249,Sept62017,,Iq,2,Iq,63.7467,-68.517,IqaluitNunavut,8.5
PopIq_20,Iqaluit,63.7467,-68.517,,,,,GregHenry,,,,,NUN,Nunavut,76.4,66.8,1.73,1.18,3.272251309,,,,,,249,Sept62017,,Iq,20,Iq,63.7467,-68.517,IqaluitNunavut,8.5
PopIq_3,Iqaluit,63.7467,-68.517,,,,,GregHenry,,,,,NUN,Nunavut,86.4,50.4,,,2.893518519,,,,,,249,Sept62017,,Iq,3,Iq,63.7467,-68.517,IqaluitNunavut,8.5
PopIq_9,Iqaluit,63.7467,-68.517,,,,,GregHenry,,,,,NUN,Nunavut,71.2,51.6,,,3.511235955,,,,,,249,Sept62017,,Iq,9,Iq,63.7467,-68.517,IqaluitNunavut,8.5
PopKik_1,Qikiqtarjuaq,67.5556,-64.0257,,"Kikiqtarjuaq,Nunavut",,,GregHenry,,,,,NUN,Nunavut,38.6,121,1.26,0.73,6.476683938,,,,,,244,Sept12017,,Kik,1,Kik,67.5556,-64.0257,QikiqtarjuaqNunavut,13
PopKik_11,Qikiqtarjuaq,67.5556,-64.0257,,"Kikiqtarjuaq,Nunavut",,,GregHenry,,,,,NUN,Nunavut,38.8,57.2,,,6.443298969,,,,,,244,Sept12017,,Kik,11,Kik,67.5556,-64.0257,QikiqtarjuaqNunavut,13
PopKik_13,Qikiqtarjuaq,67.5556,-64.0257,,"Kikiqtarjuaq,Nunavut",,,GregHenry,,,,,NUN,Nunavut,80.8,46,,,3.094059406,,,,,,244,Sept12017,,Kik,13,Kik,67.5556,-64.0257,QikiqtarjuaqNunavut,13
PopKik_16,Qikiqtarjuaq,67.5556,-64.0257,,"Kikiqtarjuaq,Nunavut",,,GregHenry,,,,,NUN,Nunavut,74.2,38.8,,,3.369272237,,,,,,244,Sept12017,,Kik,16,Kik,67.5556,-64.0257,QikiqtarjuaqNunavut,13
PopKik_17,Qikiqtarjuaq,67.5556,-64.0257,,"Kikiqtarjuaq,Nunavut",,,GregHenry,,,,,NUN,Nunavut,76.8,129,1.83,1.96,3.255208333,,,,,,244,Sept12017,,Kik,17,Kik,67.5556,-64.0257,QikiqtarjuaqNunavut,13
PopKik_18,Qikiqtarjuaq,67.5556,-64.0257,,"Kikiqtarjuaq,Nunavut",,,GregHenry,,,,,NUN,Nunavut,74.4,22.8,,,3.360215054,,,,,,244,Sept12017,,Kik,18,Kik,67.5556,-64.0257,QikiqtarjuaqNunavut,13
PopKik_2,Qikiqtarjuaq,67.5556,-64.0257,,"Kikiqtarjuaq,Nunavut",,,GregHenry,,,,,NUN,Nunavut,94.8,72.4,1.79,1.79,2.637130802,,,,,,244,Sept12017,,Kik,2,Kik,67.5556,-64.0257,QikiqtarjuaqNunavut,13
PopKik_20,Qikiqtarjuaq,67.5556,-64.0257,,"Kikiqtarjuaq,Nunavut",,,GregHenry,,,,,NUN,Nunavut,74.6,45,,,3.351206434,,,,,,244,Sept12017,,Kik,20,Kik,67.5556,-64.0257,QikiqtarjuaqNunavut,13
PopKik_3,Qikiqtarjuaq,67.5556,-64.0257,,"Kikiqtarjuaq,Nunavut",,,GregHenry,,,,,NUN,Nunavut,62.8,30.6,,,3.98089172,,,,,,244,Sept12017,,Kik,3,Kik,67.5556,-64.0257,QikiqtarjuaqNunavut,13
PopKik_6,Qikiqtarjuaq,67.5556,-64.0257,,"Kikiqtarjuaq,Nunavut",,,GregHenry,,,,,NUN,Nunavut,54.6,18.4,,,4.578754579,,,,,,244,Sept12017,,Kik,6,Kik,67.5556,-64.0257,QikiqtarjuaqNunavut,13
PopKL1_7,Kluane,60.97172,-138.41549,1554,,,,HaydnThomas,8.1,,,,YUK,Yukon,29.8,129,,,8.389261745,,,,,,NA,,209,KL,7,KL,57,-136,KluanePlateau,12
PopKL1_9,Kluane,60.97172,-138.41549,1554,,,,HaydnThomas,8.1,,,,YUK,Yukon,55.6,30.6,1.56,0.8,4.496402878,2018-02-08,20,19,1.052631579,,NA,,209,KL,9,KL,57,-136,KluanePlateau,12
PopKL2_1,Kluane,60.97606,-138.40959,1484,,,,HaydnThomas,8.1,,,,YUK,Yukon,48.8,183,,,5.12295082,,,,,,NA,,209,KL,1,KL,57,-136,KluanePlateau,12
PopKL2_2,Kluane,60.97606,-138.40959,1484,,,,HaydnThomas,8.1,,,,YUK,Yukon,63,38,1.74,1.14,3.968253968,2018-02-08,22,20,1.1,,NA,,209,KL,2,KL,57,-136,KluanePlateau,12
PopKL3_1,Kluane,60.98879,-138.4106,1262,,,,HaydnThomas,12,,,,YUK,Yukon,75,21,1.75,1.1,3.333333333,2018-02-08,19,19,1,,NA,,209,KL,1,KL,57,-136,KluanePlateau,12
PopKL3_7,Kluane,60.98879,-138.4106,1262,,,,HaydnThomas,12,,,,YUK,Yukon,52.8,106,,,4.734848485,,,,,,NA,,209,KL,7,KL,57,-136,KluanePlateau,12
PopKL4_1,Kluane,60.99209,-138.41077,1213,,,,HaydnThomas,12,,,,YUK,Yukon,41.6,21.8,1.7,0.92,6.009615385,2018-02-08,21,26,0.807692308,,NA,,209,KL,1,KL,57,-136,KluanePlateau,12
PopKL4_4,Kluane,60.99209,-138.41077,1213,,,,HaydnThomas,12,,,,YUK,Yukon,40,155,,,6.25,,,,,,NA,,209,KL,4,KL,57,-136,KluanePlateau,12
PopKL5_1,Kluane,60.97682,-138.41019,1472,,,,HaydnThomas,8.1,,,,YUK,Yukon,54.4,42.8,1.8,1.17,4.595588235,2018-02-08,19,20,0.95,,NA,,209,KL,1,KL,57,-136,KluanePlateau,12
PopKL5_7,Kluane,60.97682,-138.41019,1478,,,,HaydnThomas,8.1,,,,YUK,Yukon,32.2,184,,,7.763975155,,,,,,NA,,209,KL,7,KL,57,-136,KluanePlateau,12
PopKUQ_14,Kugluktuk,67.798439,-115.231717,,1014,,,PaulSokoloff,,,,,NWT,NWT,67,79.6,,,3.731343284,,,,,,246,Sept32017,,KUQ,14,KUQ,66,-121,KugluktukNunavut,10.5
PopKUQ_20,Kugluktuk,67.798439,-115.231717,,1014,,,PaulSokoloff,,,,,NWT,NWT,60.8,152,,,4.111842105,,,,,,246,Sept32017,,KUQ,20,KUQ,66,-121,KugluktukNunavut,10.5
PopKUQ_26,Kugluktuk,67.798439,-115.231717,,1014,,,PaulSokoloff,,,,,NWT,NWT,63.2,135,,,3.955696203,,,,,,246,Sept32017,,KUQ,26,KUQ,66,-121,KugluktukNunavut,10.5
PopKUQ_35,Kugluktuk,67.798439,-115.231717,,1014,,,PaulSokoloff,,,,,NWT,NWT,2.56,163,,,97.65625,,,,,,246,Sept32017,,KUQ,35,KUQ,66,-121,KugluktukNunavut,10.5
PopKUQ_37,Kugluktuk,67.798439,-115.231717,,1014,,,PaulSokoloff,,,,,NWT,NWT,47.8,112,,,5.230125523,,,,,,246,Sept32017,,KUQ,37,KUQ,66,-121,KugluktukNunavut,10.5
PopKUQ_4,Kugluktuk,67.798439,-115.231717,,1014,,,PaulSokoloff,,,,,NWT,NWT,27.2,244,,,9.191176471,,,,,,246,Sept32017,,KUQ,4,KUQ,66,-121,KugluktukNunavut,10.5
PopKUQ_58,Kugluktuk,67.798439,-115.231717,,1014,,,PaulSokoloff,,,,,NWT,NWT,71.4,18,1.65,0.89,3.50140056,2018-02-16,24,44,0.545454545,,247,Sept32018,,KUQ,58,KUQ,66,-121,KugluktukNunavut,10.5
PopKUQ_9,Kugluktuk,67.798439,-115.231717,,1014,,,PaulSokoloff,,,,,NWT,NWT,32.8,104,,,7.62195122,,,,,,246,Sept32017,,KUQ,9,KUQ,66,-121,KugluktukNunavut,10.5
PopLAJ_13,Latnjajaure,68.35,18.5,,,,,MathiusMolan,,,,,EUR,Europe,61.8,50.2,1.32,0.62,4.045307443,,,,,,204,2017-07-23,,LAJ,13,LAJ,69,10,LatnjajaureFieldStation,10
PopLAJ_16,Latnjajaure,68.35,18.5,,,,,MathiusMolan,,,,,EUR,Europe,34.6,179,1.63,1.02,7.225433526,,,,,,205,2017-07-24,,LAJ,16,LAJ,69,10,LatnjajaureFieldStation,10
PopLAJ_17,Latnjajaure,68.35,18.5,,,,,MathiusMolan,,,,,EUR,Europe,89.2,210,1.68,1.43,2.802690583,,,,,,205,2017-07-24,,LAJ,17,LAJ,69,10,LatnjajaureFieldStation,10
PopLAJ_19,Latnjajaure,68.35,18.5,,,,,MathiusMolan,,,,,EUR,Europe,26.6,98.2,1.6,0.95,9.398496241,,,,,,205,2017-07-24,,LAJ,19,LAJ,69,10,LatnjajaureFieldStation,10
PopLAJ_20,Latnjajaure,68.35,18.5,,,,,MathiusMolan,,,,,EUR,Europe,34.8,88,1.62,0.74,7.183908046,,,,,,205,2017-07-24,,LAJ,20,LAJ,69,10,LatnjajaureFieldStation,10
PopLAJ_21,Latnjajaure,68.35,18.5,,,,,MathiusMolan,,,,,EUR,Europe,38,156,1.71,0.91,6.578947368,,,,,,205,2017-07-24,,LAJ,21,LAJ,69,10,LatnjajaureFieldStation,10
PopLAJ_23,Latnjajaure,68.35,18.5,,,,,MathiusMolan,,,,,EUR,Europe,34.2,148,1.5,0.6,7.30994152,,,,,,205,2017-07-24,,LAJ,23,LAJ,69,10,LatnjajaureFieldStation,10
PopLAJ_25,Latnjajaure,68.35,18.5,,,,,MathiusMolan,,,,,EUR,Europe,77.4,95,1.55,0.7,3.22997416,,,,,,205,2017-07-24,,LAJ,25,LAJ,69,10,LatnjajaureFieldStation,10
PopLAJ_26,Latnjajaure,68.35,18.5,,,,,MathiusMolan,,,,,EUR,Europe,89.2,47.4,1.37,0.86,2.802690583,,,,,,205,2017-07-24,,LAJ,26,LAJ,69,10,LatnjajaureFieldStation,10
PopLAJ_5,Latnjajaure,68.35,18.5,,,,,MathiusMolan,,,,,EUR,Europe,10.4,79.2,1.64,1.05,24.03846154,,,,,,204,2017-07-23,,LAJ,5,LAJ,69,10,LatnjajaureFieldStation,10
PopLON_11,Longyearbyen,78.2232,15.6267,,SvalbardB,,,EstherFrei,,,,,SV,Svalbard,79,57.6,1.52,0.66,3.164556962,,,,,,208,July272017,,LON,11,LON,75,10.6,LongyearbyenSvalbard,13
PopLON_14,Longyearbyen,78.2232,15.6267,,SvalbardB,,,EstherFrei,,,,,SV,Svalbard,47.6,95,1.28,0.61,5.25210084,,,,,,208,July272017,,LON,14,LON,75,10.6,LongyearbyenSvalbard,13
PopLON_15,Longyearbyen,78.2232,15.6267,,SvalbardB,,,EstherFrei,,,,,SV,Svalbard,85,54.4,1.34,0.7,2.941176471,,,,,,208,July272017,,LON,15,LON,75,10.6,LongyearbyenSvalbard,13
PopLON_17,Longyearbyen,78.2232,15.6267,,SvalbardB,,,EstherFrei,,,,,SV,Svalbard,65.2,114,1.18,0.97,3.834355828,,,,,,208,July272017,,LON,17,LON,75,10.6,LongyearbyenSvalbard,13
PopLON_19,Longyearbyen,78.2232,15.6267,,SvalbardB,,,EstherFrei,,,,,SV,Svalbard,78.6,50.6,1.38,0.71,3.180661578,,,,,,208,July272017,,LON,19,LON,75,10.6,LongyearbyenSvalbard,13
PopLON_23,Longyearbyen,78.2232,15.6267,,SvalbardB,,,EstherFrei,,,,,SV,Svalbard,12.1,96.6,1.33,0.51,20.66115702,,,,,,208,July272017,,LON,23,LON,75,10.6,LongyearbyenSvalbard,13
PopLON_28,Longyearbyen,78.2232,15.6267,,SvalbardB,,,EstherFrei,,,,,SV,Svalbard,49.8,47.4,1.49,0.63,5.020080321,,,,,,208,July272017,,LON,28,LON,75,10.6,LongyearbyenSvalbard,13
PopLON_36,Longyearbyen,78.2232,15.6267,,SvalbardB,,,EstherFrei,,,,,SV,Svalbard,71.6,135,1.8,1.32,3.491620112,,,,,,208,July272017,,LON,36,LON,75,10.6,LongyearbyenSvalbard,13
PopLON_4,Longyearbyen,78.2232,15.6267,,SvalbardB,,,EstherFrei,,,,,SV,Svalbard,45.8,144,1.23,1,5.458515284,,,,,,208,July272017,,LON,4,LON,75,10.6,LongyearbyenSvalbard,13
PopLON_9,Longyearbyen,78.2232,15.6267,,SvalbardB,,,EstherFrei,,,,,SV,Svalbard,42.2,70.2,1.67,0.88,5.924170616,,,,,,208,July272017,,LON,9,LON,75,10.6,LongyearbyenSvalbard,13
PopMAT_1,ToolikMoistAcidic,68.63444,-149.6433,753,ToolikLTERMoistAcidicTundra(MAT),"ItkillikIglaciation30,000-60,000years",,"EdRustetter,ErinGleeson,GusShaver",,,,,BER,Alaska,32.4,79,1.78,1.15,7.716049383,,,,,,207,July262017,,MAT,1,MAT,74,-160,ToolikMoistAcidic,12
PopMAT_11,ToolikMoistAcidic,68.63444,-149.6433,753,ToolikLTERMoistAcidicTundra(MAT),"ItkillikIglaciation30,000-60,000years",,"EdRustetter,ErinGleeson,GusShaver",,,,,BER,Alaska,69,31,1.8,1.48,3.623188406,,,,,,207,July262017,,MAT,11,MAT,74,-160,ToolikMoistAcidic,12
PopMAT_13,ToolikMoistAcidic,68.63444,-149.6433,753,ToolikLTERMoistAcidicTundra(MAT),"ItkillikIglaciation30,000-60,000years",,"EdRustetter,ErinGleeson,GusShaver",,,,,BER,Alaska,59.2,32,1.63,1.21,4.222972973,,,,,,207,July262017,,MAT,13,MAT,74,-160,ToolikMoistAcidic,12
PopMAT_18,ToolikMoistAcidic,68.63444,-149.6433,753,ToolikLTERMoistAcidicTundra(MAT),"ItkillikIglaciation30,000-60,000years",,"EdRustetter,ErinGleeson,GusShaver",,,,,BER,Alaska,49.2,16,1.66,0.97,5.081300813,,,,,,207,July262017,,MAT,18,MAT,74,-160,ToolikMoistAcidic,12
PopMAT_2,ToolikMoistAcidic,68.63444,-149.6433,753,ToolikLTERMoistAcidicTundra(MAT),"ItkillikIglaciation30,000-60,000years",,"EdRustetter,ErinGleeson,GusShaver",,,,,BER,Alaska,71,40.4,1.85,1.5,3.521126761,2018-01-31,23,25,0.92,"ItkillikIglaciation30,000-60,000years",207,July262017,,MAT,2,MAT,74,-160,ToolikMoistAcidic,12
PopMAT_3,ToolikMoistAcidic,68.63444,-149.6433,753,ToolikLTERMoistAcidicTundra(MAT),"ItkillikIglaciation30,000-60,000years",,"EdRustetter,ErinGleeson,GusShaver",,,,,BER,Alaska,65.2,42.6,1.85,1.55,3.834355828,2018-02-01,20,26,0.769230769,"ItkillikIglaciation30,000-60,000years",207,July262017,,MAT,3,MAT,74,-160,ToolikMoistAcidic,12
PopMAT_5,ToolikMoistAcidic,68.63444,-149.6433,753,ToolikLTERMoistAcidicTundra(MAT),"ItkillikIglaciation30,000-60,000years",,"EdRustetter,ErinGleeson,GusShaver",,,,,BER,Alaska,74.4,77.4,1.8,1.26,3.360215054,,,,,,207,July262017,,MAT,5,MAT,74,-160,ToolikMoistAcidic,12
PopMAT_7,ToolikMoistAcidic,68.63444,-149.6433,753,ToolikLTERMoistAcidicTundra(MAT),"ItkillikIglaciation30,000-60,000years",,"EdRustetter,ErinGleeson,GusShaver",,,,,BER,Alaska,61.4,49.4,1.81,1.45,4.071661238,2018-01-31,21,50,0.42,"ItkillikIglaciation30,000-60,000years",207,July262017,,MAT,7,MAT,74,-160,ToolikMoistAcidic,12
PopMAT_8,ToolikMoistAcidic,68.63444,-149.6433,753,ToolikLTERMoistAcidicTundra(MAT),"ItkillikIglaciation30,000-60,000years",,"EdRustetter,ErinGleeson,GusShaver",,,,,BER,Alaska,25,52.2,1.78,1.32,10,2018-01-31,22,50,0.44,"ItkillikIglaciation30,000-60,000years",207,July262017,,MAT,8,MAT,74,-160,ToolikMoistAcidic,12
PopMAT_9,ToolikMoistAcidic,68.63444,-149.6433,753,ToolikLTERMoistAcidicTundra(MAT),"ItkillikIglaciation30,000-60,000years",,"EdRustetter,ErinGleeson,GusShaver",,,,,BER,Alaska,76.6,37.8,1.82,1.32,3.263707572,2018-02-01,20,24,0.833333333,"ItkillikIglaciation30,000-60,000years",207,July262017,,MAT,9,MAT,74,-160,ToolikMoistAcidic,12
PopMIL_1,12MileMeadow,65.3975278,-145.9730278,962,Coll#1192,,,MichaelMoody,,,,,AK2,Alaska,80.2,42,1.76,1.16,3.117206983,2018-02-07,18,22,0.818181818,,210,July292017,,MIL,1,MIL,65.3975278,-153,12MileMeadow,20
PopMIL_11,12MileMeadow,65.3975278,-145.9730278,962,Coll#1192,,,MichaelMoody,,,,,AK2,Alaska,64.2,108,,,3.894080997,,,,,,210,July292017,,MIL,11,MIL,65.3975278,-153,12MileMeadow,20
PopMIL_14,12MileMeadow,65.3975278,-145.9730278,962,Coll#1192,,,MichaelMoody,,,,,AK2,Alaska,73.4,38.2,1.75,1.21,3.40599455,2018-02-07,20,28,0.714285714,,210,July292017,,MIL,14,MIL,65.3975278,-153,12MileMeadow,20
PopMIL_17,12MileMeadow,65.3975278,-145.9730278,962,Coll#1192,,,MichaelMoody,,,,,AK2,Alaska,38.6,149,,,6.476683938,,,,,,210,July292017,,MIL,17,MIL,65.3975278,-153,12MileMeadow,20
PopMIL_2,12MileMeadow,65.3975278,-145.9730278,962,Coll#1192,,,MichaelMoody,,,,,AK2,Alaska,55.8,38.4,1.38,0.83,4.480286738,2018-02-07,22,26,0.846153846,,210,July292017,,MIL,2,MIL,65.3975278,-153,12MileMeadow,20
PopMIL_20,12MileMeadow,65.3975278,-145.9730278,962,Coll#1192,,,MichaelMoody,,,,,AK2,Alaska,60.2,226,,,4.15282392,,,,,,210,July292017,,MIL,20,MIL,65.3975278,-153,12MileMeadow,20
PopMIL_25,12MileMeadow,65.3975278,-145.9730278,962,Coll#1192,,,MichaelMoody,,,,,AK2,Alaska,61.2,98.4,,,4.08496732,,,,,,210,July292017,,MIL,25,MIL,65.3975278,-153,12MileMeadow,20
PopMIL_37,12MileMeadow,65.3975278,-145.9730278,962,Coll#1192,,,MichaelMoody,,,,,AK2,Alaska,73,61.4,1.69,1.11,3.424657534,2018-02-07,22,65,0.338461538,,210,July292017,,MIL,37,MIL,65.3975278,-153,12MileMeadow,20
PopMIL_5,12MileMeadow,65.3975278,-145.9730278,962,Coll#1192,,,MichaelMoody,,,,,AK2,Alaska,79,62.2,1.79,1.33,3.164556962,2018-02-07,22,35,0.628571429,Boxonelostsomematerialsohasless,210,July292017,,MIL,5,MIL,65.3975278,-153,12MileMeadow,20
PopMIL_6,12MileMeadow,65.3975278,-145.9730278,962,Coll#1192,,,MichaelMoody,,,,,AK2,Alaska,25.8,169,,,9.689922481,,,,,,210,July292017,,MIL,6,MIL,65.3975278,-153,12MileMeadow,20
PopMNT_12,ToolikMoistNon-Acidic,68.62361,-149.6103,760,ToolikLTERMoistNon-AcidicTundra(MNAT),"ItkillikIIglaciation12,000-25,000years",,"EdRustetter,ErinGleeson,GusShaver",,,,,AK1,Alaska,55.6,55,1.77,1.42,4.496402878,2018-02-01,22,32,0.6875,"ItkillikIIglaciation12,000-25,000years",207,July262017,,MNT,12,MAT,74,-160,ToolikMoistNon-Acidic,20
PopMNT_17,ToolikMoistNon-Acidic,68.62361,-149.6103,760,ToolikLTERMoistNon-AcidicTundra(MNAT),"ItkillikIIglaciation12,000-25,000years",,"EdRustetter,ErinGleeson,GusShaver",,,,,AK1,Alaska,44.2,200,1.52,0.72,5.656108597,,,,,,207,July262017,,MNT,17,MAT,74,-160,ToolikMoistNon-Acidic,20
PopMNT_18,ToolikMoistNon-Acidic,68.62361,-149.6103,760,ToolikLTERMoistNon-AcidicTundra(MNAT),"ItkillikIIglaciation12,000-25,000years",,"EdRustetter,ErinGleeson,GusShaver",,,,,AK1,Alaska,64.8,179,1.56,0.71,3.858024691,,,,,,207,July262017,,MNT,18,MAT,74,-160,ToolikMoistNon-Acidic,20
PopMNT_21,ToolikMoistNon-Acidic,68.62361,-149.6103,760,ToolikLTERMoistNon-AcidicTundra(MNAT),"ItkillikIIglaciation12,000-25,000years",,"EdRustetter,ErinGleeson,GusShaver",,,,,AK1,Alaska,76.4,91.2,1.71,1.12,3.272251309,2018-02-01,21,33,0.636363636,"ItkillikIIglaciation12,000-25,000years",207,July262017,,MNT,21,MAT,74,-160,ToolikMoistNon-Acidic,20
PopMNT_22,ToolikMoistNon-Acidic,68.62361,-149.6103,760,ToolikLTERMoistNon-AcidicTundra(MNAT),"ItkillikIIglaciation12,000-25,000years",,"EdRustetter,ErinGleeson,GusShaver",,,,,AK1,Alaska,69.4,210,1.91,1.68,3.602305476,,,,,,207,July262017,,MNT,22,MAT,74,-160,ToolikMoistNon-Acidic,20
PopMNT_23,ToolikMoistNon-Acidic,68.62361,-149.6103,760,ToolikLTERMoistNon-AcidicTundra(MNAT),"ItkillikIIglaciation12,000-25,000years",,"EdRustetter,ErinGleeson,GusShaver",,,,,AK1,Alaska,73.4,166,1.45,0.75,3.40599455,,,,,,207,July262017,,MNT,23,MAT,74,-160,ToolikMoistNon-Acidic,20
PopMNT_4,ToolikMoistNon-Acidic,68.62361,-149.6103,760,ToolikLTERMoistNon-AcidicTundra(MNAT),"ItkillikIIglaciation12,000-25,000years",,"EdRustetter,ErinGleeson,GusShaver",,,,,AK1,Alaska,24,240,1.67,0.91,10.41666667,,,,,,207,July262017,,MNT,4,MAT,74,-160,ToolikMoistNon-Acidic,20
PopMNT_5,ToolikMoistNon-Acidic,68.62361,-149.6103,760,ToolikLTERMoistNon-AcidicTundra(MNAT),"ItkillikIIglaciation12,000-25,000years",,"EdRustetter,ErinGleeson,GusShaver",,,,,AK1,Alaska,60.2,149,1.57,1,4.15282392,,,,,,207,July262017,,MNT,5,MAT,74,-160,ToolikMoistNon-Acidic,20
PopMNT_7,ToolikMoistNon-Acidic,68.62361,-149.6103,760,ToolikLTERMoistNon-AcidicTundra(MNAT),"ItkillikIIglaciation12,000-25,000years",,"EdRustetter,ErinGleeson,GusShaver",,,,,AK1,Alaska,46.4,58.2,1.76,1.2,5.387931034,2018-02-01,22,40,0.55,"ItkillikIIglaciation12,000-25,000years",207,July262017,,MNT,7,MAT,74,-160,ToolikMoistNon-Acidic,20
PopMNT_9,ToolikMoistNon-Acidic,68.62361,-149.6103,760,ToolikLTERMoistNon-AcidicTundra(MNAT),"ItkillikIIglaciation12,000-25,000years",,"EdRustetter,ErinGleeson,GusShaver",,,,,AK1,Alaska,49,102,1.4,1.06,5.102040816,,,,,,207,July262017,,MNT,9,MAT,74,-160,ToolikMoistNon-Acidic,20
PopPC1_1,PikaCamp,61.21287,-138.27715,1664,,,,HaydnThomas,8.1,,,,YUK,Yukon,2.36,15.4,1.64,0.85,105.9322034,2018-02-08,20,14,1.428571429,,NA,,209,PC,1,PC,58,-142,PikaCamp,13
PopPC1_2,PikaCamp,61.21287,-138.27715,1664,,,,HaydnThomas,8.1,,,,YUK,Yukon,59.2,181,,,4.222972973,,,,,,NA,,209,PC,2,PC,58,-142,PikaCamp,13
PopPC2_1,PikaCamp,61.21557,-138.27988,1629,,,,HaydnThomas,8.1,,,,YUK,Yukon,22.4,242,,,11.16071429,,,,,,NA,,209,PC,1,PC,58,-142,PikaCamp,13
PopPC2_2,PikaCamp,61.21557,-138.27988,1629,,,,HaydnThomas,8.1,,,,YUK,Yukon,64.8,175,,,3.858024691,,,,,,NA,,209,PC,2,PC,58,-142,PikaCamp,13
PopPC3_1,PikaCamp,61.21368,-138.28198,1629,,,,HaydnThomas,8.1,,,,YUK,Yukon,56,124,,,4.464285714,,,,,,NA,,209,PC,1,PC,58,-142,PikaCamp,13
PopPC3_2,PikaCamp,61.21368,-138.28198,1629,,,,HaydnThomas,8.1,,,,YUK,Yukon,72.4,135,,,3.453038674,,,,,,NA,,209,PC,2,PC,58,-142,PikaCamp,13
PopPC4_1,PikaCamp,61.20971,-138.28757,1761,,,,HaydnThomas,6,,,,YUK,Yukon,79.2,32.6,1.75,1.11,3.156565657,2018-02-08,21,22,0.954545455,,NA,,209,PC,1,PC,58,-142,PikaCamp,13
PopPC4_2,PikaCamp,61.20971,-138.28757,1761,,,,HaydnThomas,6,,,,YUK,Yukon,25,90.6,,,10,,,,,,NA,,209,PC,2,PC,58,-142,PikaCamp,13
PopPC5_1,PikaCamp,61.20589,-138.29209,1845,,,,HaydnThomas,6,,,,YUK,Yukon,48.4,26.4,1.5,0.85,5.165289256,2018-02-08,21,15,1.4,,NA,,209,PC,1,PC,58,-142,PikaCamp,13
PopPC5_2,PikaCamp,61.20589,-138.29209,1845,,,,HaydnThomas,6,,,,YUK,Yukon,70.6,246,,,3.541076487,,,,,,NA,,209,PC,2,PC,58,-142,PikaCamp,13
PopPEA_11,PearcePoint,69.822253,-122.662478,,1188,,,PaulSokoloff,,,,,NWT,NWT,60.6,50.6,1.75,1.12,4.125412541,2018-02-15,17,25,0.68,,NA,,,PEA,11,PEA,69.822253,-122.662478,PearcePoint,9.5
PopPEA_18,PearcePoint,69.822253,-122.662478,,1188,,,PaulSokoloff,,,,,NWT,NWT,87.6,74.2,,,2.853881279,,,,,,NA,,,PEA,18,PEA,69.822253,-122.662478,PearcePoint,9.5
PopPEA_25,PearcePoint,69.822253,-122.662478,,1188,,,PaulSokoloff,,,,,NWT,NWT,77.6,96.8,,,3.221649485,,,,,,NA,,,PEA,25,PEA,69.822253,-122.662478,PearcePoint,9.5
PopPEA_26,PearcePoint,69.822253,-122.662478,,1188,,,PaulSokoloff,,,,,NWT,NWT,65.4,129,,,3.822629969,,,,,,NA,,,PEA,26,PEA,69.822253,-122.662478,PearcePoint,9.5
PopPEA_27,PearcePoint,69.822253,-122.662478,,1188,,,PaulSokoloff,,,,,NWT,NWT,63.2,145,,,3.955696203,,,,,,NA,,,PEA,27,PEA,69.822253,-122.662478,PearcePoint,9.5
PopPEA_28,PearcePoint,69.822253,-122.662478,,1188,,,PaulSokoloff,,,,,NWT,NWT,79.2,33.8,1.82,1.59,3.156565657,2018-02-15,22,31,0.709677419,,NA,,,PEA,28,PEA,69.822253,-122.662478,PearcePoint,9.5
PopPEA_30,PearcePoint,69.822253,-122.662478,,1188,,,PaulSokoloff,,,,,NWT,NWT,70.8,27.4,1.66,0.98,3.531073446,2018-02-15,22,47,0.468085106,,NA,,,PEA,30,PEA,69.822253,-122.662478,PearcePoint,9.5
PopPEA_34,PearcePoint,69.822253,-122.662478,,1188,,,PaulSokoloff,,,,,NWT,NWT,50.4,200,,,4.96031746,,,,,,NA,,,PEA,34,PEA,69.822253,-122.662478,PearcePoint,9.5
PopPEA_36,PearcePoint,69.822253,-122.662478,,1188,,,PaulSokoloff,,,,,NWT,NWT,50.4,113,,,4.96031746,,,,,,NA,,,PEA,36,PEA,69.822253,-122.662478,PearcePoint,9.5
PopPET_1,Petunia,78.683333,16.55,,SvalbardA,NOTNUMBERED,,EstherFrei,,,,,SV,Svalbard,58.8,74.8,1.4,0.91,4.25170068,,,,,,208,July272017,,PET,1,PET,81,1.5,PetuniaSvalbard,13
PopPET_2,Petunia,78.683333,16.55,,SvalbardA,NOTNUMBERED,,EstherFrei,,,,,SV,Svalbard,96.4,63.8,1.34,0.61,2.593360996,,,,,,208,July272017,,PET,2,PET,81,1.5,PetuniaSvalbard,13
PopPET_3,Petunia,78.683333,16.55,,SvalbardA,NOTNUMBERED,,EstherFrei,,,,,SV,Svalbard,65.4,56.6,1.43,0.68,3.822629969,,,,,,208,July272017,,PET,3,PET,81,1.5,PetuniaSvalbard,13
PopPET_4,Petunia,78.683333,16.55,,SvalbardA,NOTNUMBERED,,EstherFrei,,,,,SV,Svalbard,76,72.2,1.31,0.59,3.289473684,,,,,,208,July272017,,PET,4,PET,81,1.5,PetuniaSvalbard,13
PopPET_5,Petunia,78.683333,16.55,,SvalbardA,NOTNUMBERED,,EstherFrei,,,,,SV,Svalbard,13.1,63.6,1.24,0.84,19.08396947,,,,,,208,July272017,,PET,5,PET,81,1.5,PetuniaSvalbard,13
PopPHE_1,PhelixHut,50.6306,-122.6798,1715,other,,,CassandraElphinstone,,,,,CM,BCmer,61.6,83.2,,,4.058441558,,,,,,302,Oct292017,,PHE,1,MER,53,-124,PhelixHut,10.5
PopPHE_2,PhelixHut,50.6306,-122.6798,1715,CabinHill,,,CassandraElphinstone,,,,,CM,BCmer,42.8,193,,,5.841121495,,,,,,302,Oct292017,,PHE,2,MER,53,-124,PhelixHut,10.5
PopPHE_3,PhelixHut,50.6306,-122.6798,1715,CabinHill,,,CassandraElphinstone,,,,,CM,BCmer,66,117,,,3.787878788,,,,,,302,Oct292017,,PHE,3,MER,53,-124,PhelixHut,10.5
PopQHI_21,Qikiqtaruk,69.58250698,-138.893094,36,,,,IslaMyers-SmithandGerganaDaskalova,12.5,,,,AK1,Alaska,65.2,30,1.69,1.03,3.834355828,2018-02-08,21,26,0.807692308,,211,2017-07-30,209,QHI,21,QHI,72,-135,QikiqtarukHerschelIsland,15
PopQHI_22,Qikiqtaruk,69.58272398,-138.893165,38,,,,IslaMyers-SmithandGerganaDaskalova,12.5,,,,AK1,Alaska,56.6,129,,,4.416961131,,,,,,211,2017-07-30,209,QHI,22,QHI,72,-135,QikiqtarukHerschelIsland,15
PopQHI_23,Qikiqtaruk,69.58133401,-138.910635,41,,,,IslaMyers-SmithandGerganaDaskalova,12.5,,,,AK1,Alaska,13.9,83.2,,,17.98561151,,,,,,211,2017-07-30,209,QHI,23,QHI,72,-135,QikiqtarukHerschelIsland,15
PopQHI_24,Qikiqtaruk,69.58172201,-138.91063,42,,,,IslaMyers-SmithandGerganaDaskalova,12.5,,,,AK1,Alaska,57.6,87,,,4.340277778,,,,,,211,2017-07-30,209,QHI,24,QHI,72,-135,QikiqtarukHerschelIsland,15
PopQHI_31,Qikiqtaruk,69.57765201,-138.913461,50,,,,IslaMyers-SmithandGerganaDaskalova,12.5,,,,AK1,Alaska,52,97.2,,,4.807692308,,,,,,211,2017-07-30,209,QHI,31,QHI,72,-135,QikiqtarukHerschelIsland,15
PopQHI_32,Qikiqtaruk,69.57772099,-138.913736,50,,,,IslaMyers-SmithandGerganaDaskalova,12.5,,,,AK1,Alaska,53,168,,,4.716981132,,,,,,211,2017-07-30,209,QHI,32,QHI,72,-135,QikiqtarukHerschelIsland,15
PopQHI_33,Qikiqtaruk,69.57771697,-138.914131,50,,,,IslaMyers-SmithandGerganaDaskalova,12.5,,,,AK1,Alaska,75.8,21.2,1.68,1.01,3.298153034,2018-02-08,23,19,1.210526316,,211,2017-07-30,209,QHI,33,QHI,72,-135,QikiqtarukHerschelIsland,15
PopQHI_34,Qikiqtaruk,69.57777003,-138.914495,53,,,,IslaMyers-SmithandGerganaDaskalova,12.5,,,,AK1,Alaska,65,26.2,1.74,1.15,3.846153846,2018-02-08,24,20,1.2,,211,2017-07-30,209,QHI,34,QHI,72,-135,QikiqtarukHerschelIsland,15
PopQHI_37,Qikiqtaruk,69.57784002,-138.915636,52,,,,IslaMyers-SmithandGerganaDaskalova,12.5,,,,AK1,Alaska,60.8,102,,,4.111842105,,,,,,211,2017-07-30,209,QHI,37,QHI,72,-135,QikiqtarukHerschelIsland,15
PopQHI_38,Qikiqtaruk,69.57789601,-138.915928,53,,,,IslaMyers-SmithandGerganaDaskalova,12.5,,,,AK1,Alaska,27.2,99.8,,,9.191176471,,,,,,211,2017-07-30,209,QHI,38,QHI,72,-135,QikiqtarukHerschelIsland,15
PopSAG_13,Sagwon,69.424382,-148.697605,297,Coll#1191,,,MichaelMoody,,,,,YUK,Yukon,26.6,146,1.48,0.75,9.398496241,,,,,,206,July252017,,SAG,13,SAG,73,-146,SagwonAlaksa,20
PopSAG_14,Sagwon,69.424382,-148.697605,297,Coll#1191,,,MichaelMoody,,,,,YUK,Yukon,71.8,52.4,1.59,0.88,3.48189415,2018-02-06,20,42,0.476190476,,206,July252017,,SAG,14,SAG,73,-146,SagwonAlaksa,20
PopSAG_16,Sagwon,69.424382,-148.697605,297,Coll#1191,,,MichaelMoody,,,,,YUK,Yukon,40.4,146,1.47,0.62,6.188118812,,,,,,206,July252017,,SAG,16,SAG,73,-146,SagwonAlaksa,20
PopSAG_21,Sagwon,69.424382,-148.697605,297,Coll#1191,,,MichaelMoody,,,,,YUK,Yukon,52.8,50.6,1.46,0.79,4.734848485,2018-02-06,20,27,0.740740741,,206,July252017,,SAG,21,SAG,73,-146,SagwonAlaksa,20
PopSAG_23,Sagwon,69.424382,-148.697605,297,Coll#1191,,,MichaelMoody,,,,,YUK,Yukon,6.16,175,1.33,0.61,40.58441558,,,,,,206,July252017,,SAG,23,SAG,73,-146,SagwonAlaksa,20
PopSAG_24,Sagwon,69.424382,-148.697605,297,Coll#1191,,,MichaelMoody,,,,,YUK,Yukon,27.8,196,1.54,0.63,8.992805755,,,,,,206,July252017,,SAG,24,SAG,73,-146,SagwonAlaksa,20
PopSAG_32,Sagwon,69.424382,-148.697605,297,Coll#1191,,,MichaelMoody,,,,,YUK,Yukon,47.4,61.8,1.65,1.03,5.274261603,2018-02-06,25,32,0.78125,,206,July252017,,SAG,32,SAG,73,-146,SagwonAlaksa,20
PopSAG_38,Sagwon,69.424382,-148.697605,297,Coll#1191,,,MichaelMoody,,,,,YUK,Yukon,74.4,19.5,1.74,1,3.360215054,2018-02-06,21,25,0.84,,206,July252017,,SAG,38,SAG,73,-146,SagwonAlaksa,20
PopSAG_5,Sagwon,69.424382,-148.697605,297,Coll#1191,,,MichaelMoody,,,,,YUK,Yukon,64,74.4,1.79,1.42,3.90625,2018-02-06,23,42,0.547619048,,206,July252017,,SAG,5,SAG,73,-146,SagwonAlaksa,20
PopSAG_9,Sagwon,69.424382,-148.697605,297,Coll#1191,,,MichaelMoody,,,,,YUK,Yukon,44.4,140,1.46,0.68,5.630630631,,,,,,206,July252017,,SAG,9,SAG,73,-146,SagwonAlaksa,20
PopSAM_1,Samoylov,72.37723,126.4792,,,,,JuliaBoike,,,,,RUS1,Russia,93.2,60.4,1.34,0.58,2.682403433,,,,,,255,Sept122017,,SAM,1,SAM,70,117,SamoylovRussia,20
PopSAM_1a,Samoylov,72.37723,126.4792,,,,,JuliaBoike,,,,,RUS1,Russia,51.2,56.4,,,4.8828125,,,,,,255,Sept122017,,SAM,1,SAM,70,117,SamoylovRussia,20
PopSAM_2,Samoylov,72.37723,126.4792,,,,,JuliaBoike,,,,,RUS1,Russia,92.8,51.4,1.24,0.74,2.693965517,,,,,,255,Sept122017,,SAM,2,SAM,70,117,SamoylovRussia,20
PopSAM_2a,Samoylov,72.37723,126.4792,,,,,JuliaBoike,,,,,RUS1,Russia,77.4,125,,,3.22997416,,,,,,255,Sept122017,,SAM,2,SAM,70,117,SamoylovRussia,20
PopSAM_3,Samoylov,72.37723,126.4792,,,,,JuliaBoike,,,,,RUS1,Russia,87.6,51.8,1.32,0.61,2.853881279,,,,,,255,Sept122017,,SAM,3,SAM,70,117,SamoylovRussia,20
PopSAM_3a,Samoylov,72.37723,126.4792,,,,,JuliaBoike,,,,,RUS1,Russia,80.2,70.6,,,3.117206983,,,,,,255,Sept122017,,SAM,3,SAM,70,117,SamoylovRussia,20
PopSAM_4,Samoylov,72.37723,126.4792,,,,,JuliaBoike,,,,,RUS1,Russia,91.2,55,1.36,0.82,2.74122807,,,,,,255,Sept122017,,SAM,4,SAM,70,117,SamoylovRussia,20
PopSAM_4a,Samoylov,72.37723,126.4792,,,,,JuliaBoike,,,,,RUS1,Russia,83.4,145,,,2.997601918,,,,,,255,Sept122017,,SAM,4,SAM,70,117,SamoylovRussia,20
PopSAM_5,Samoylov,72.37723,126.4792,,,,,JuliaBoike,,,,,RUS1,Russia,18.4,81.4,1.16,0.68,13.58695652,,,,,,255,Sept122017,,SAM,5,SAM,70,117,SamoylovRussia,20
PopSAM_5a,Samoylov,72.37723,126.4792,,,,,JuliaBoike,,,,,RUS1,Russia,84.6,60.4,,,2.955082742,,,,,,255,Sept122017,,SAM,5,SAM,70,117,SamoylovRussia,20
PopSVN_18,Sverdrup,79.1167,-80.6667,,SverdrupGlacierForelandandWalktoclimatestation,,,CassandraElphinstone,,,,,SN,Nunavut,70.8,20.6,1.75,1.13,3.531073446,2018-03-01,24,19,1.263157895,,198,July172017,,SVN,18,SV,81,-50,SverdrupPass,7.8
PopSVN_22,Sverdrup,79.1167,-80.6667,,SverdrupGlacierForelandandWalktoclimatestation,,,CassandraElphinstone,,,,,SN,Nunavut,101,21.2,1.59,0.87,2.475247525,2018-03-01,23,36,0.638888889,,198,July172017,,SVN,22,SV,81,-50,SverdrupPass,7.8
PopSVO_1,SverdrupOld,79.1167,-80.6667,,,,,CassandraElphinstone,,,,,SO,Ancient,20.6,71.2,,,12.13592233,,,,,,199,July172018,,SVO,SVO1,SV,81,-50,SverdrupPassAncient,7.8
PopSVO_13,SverdrupOld,79.1167,-80.6667,,,,,CassandraElphinstone,,,,,SO,Ancient,4.26,28.2,,,58.68544601,,,,,,200,July172019,,SVO,SVO13,SV,81,-50,SverdrupPassAncient,7.8
PopSVO_15,SverdrupOld,79.1167,-80.6667,,,,,CassandraElphinstone,,,,,SO,Ancient,4.98,42.4,,,50.20080321,,,,,,201,July172020,,SVO,SVO15,SV,81,-50,SverdrupPassAncient,7.8
PopSVO_16,SverdrupOld,79.1167,-80.6667,,,,,CassandraElphinstone,,,,,SO,Ancient,23.6,106,,,10.59322034,,,,,,202,July172021,,SVO,SVO16,SV,81,-50,SverdrupPassAncient,7.8
PopSVO_18,SverdrupOld,79.1167,-80.6667,,,,,CassandraElphinstone,,,,,SO,Ancient,12.1,29.6,,,20.66115702,,,,,,203,July172022,,SVO,SVO18,SV,81,-50,SverdrupPassAncient,7.8
PopSVO_20,SverdrupOld,79.1167,-80.6667,,,,,CassandraElphinstone,,,,,SO,Ancient,8.14,66.4,,,30.71253071,,,,,,204,July172023,,SVO,SVO20,SV,81,-50,SverdrupPassAncient,7.8
PopSVO_24,SverdrupOld,79.1167,-80.6667,,,,,CassandraElphinstone,,,,,SO,Ancient,7.2,71.4,,,34.72222222,,,,,,205,July172024,,SVO,SVO24,SV,81,-50,SverdrupPassAncient,7.8
PopSVO_28,SverdrupOld,79.1167,-80.6667,,,,,CassandraElphinstone,,,,,SO,Ancient,28.6,76.8,,,8.741258741,,,,,,206,July172025,,SVO,SVO28,SV,81,-50,SverdrupPassAncient,7.8
PopSVO_36,SverdrupOld,79.1167,-80.6667,,,,,CassandraElphinstone,,,,,SO,Ancient,4.54,48.2,,,55.0660793,,,,,,207,July172026,,SVO,SVO36,SV,81,-50,SverdrupPassAncient,7.8
PopSVO_37,SverdrupOld,79.1167,-80.6667,,,,,CassandraElphinstone,,,,,SO,Ancient,3.96,77,,,63.13131313,,,,,,208,July172027,,SVO,SVO37,SV,81,-50,SverdrupPassAncient,7.8
PopSVO_38,SverdrupOld,79.1167,-80.6667,,,,,CassandraElphinstone,,,,,SO,Ancient,15,132,,,16.66666667,,,,,,209,July172028,,SVO,SVO38,SV,81,-50,SverdrupPassAncient,7.8
PopSVO_5,SverdrupOld,79.1167,-80.6667,,,,,CassandraElphinstone,,,,,SO,Ancient,5.96,43.8,,,41.94630872,,,,,,210,July172029,,SVO,SVO5,SV,81,-50,SverdrupPassAncient,7.8
PopSW_18,Paddus,68.32472,18.95833,550,,,,AnnikaHofgaard,,,,,EUR,Europe,60.6,96,1.93,0.89,4.125412541,,,,,,261,2017-09-18,182,SW,18,SW,67,23,PaddusSweden,9
PopSW_2,Paddus,68.32472,18.95833,550,,,,AnnikaHofgaard,,,,,EUR,Europe,88.2,65.2,1.87,1.71,2.83446712,,,,,,261,2017-09-18,182,SW,2,SW,67,23,PaddusSweden,9
PopSW_22,Paddus,68.32472,18.95833,550,,,,AnnikaHofgaard,,,,,EUR,Europe,85,112,1.82,1.71,2.941176471,,,,,,261,2017-09-18,182,SW,22,SW,67,23,PaddusSweden,9
PopSW_29,Paddus,68.32472,18.95833,550,,,,AnnikaHofgaard,,,,,EUR,Europe,61.8,135,1.89,2.13,4.045307443,,,,,,261,2017-09-18,182,SW,29,SW,67,23,PaddusSweden,9
PopSW_3,Paddus,68.32472,18.95833,550,,,,AnnikaHofgaard,,,,,EUR,Europe,38.2,84.6,1.55,0.8,6.544502618,,,,,,261,2017-09-18,182,SW,3,SW,67,23,PaddusSweden,9
PopSW_31,Paddus,68.32472,18.95833,550,,,,AnnikaHofgaard,,,,,EUR,Europe,75.6,169,,,3.306878307,,,,,,261,2017-09-18,182,SW,31,SW,67,23,PaddusSweden,9
PopSW_34,Paddus,68.32472,18.95833,550,,,,AnnikaHofgaard,,,,,EUR,Europe,60.4,21.4,0.93,1.97,4.139072848,,,,,,261,2017-09-18,182,SW,34,SW,67,23,PaddusSweden,9
PopSW_36,Paddus,68.32472,18.95833,550,,,,AnnikaHofgaard,,,,,EUR,Europe,68.4,77.8,,,3.65497076,,,,,,261,2017-09-18,182,SW,36,SW,67,23,PaddusSweden,9
PopSW_45,Paddus,68.32472,18.95833,550,,,,AnnikaHofgaard,,,,,EUR,Europe,63.8,15.1,1.85,1.43,3.918495298,,,,,,261,2017-09-18,182,SW,45,SW,67,23,PaddusSweden,9
PopSW_5,Paddus,68.32472,18.95833,550,,,,AnnikaHofgaard,,,,,EUR,Europe,32.2,71.8,1.53,0.76,7.763975155,,,,,,261,2017-09-18,182,SW,5,SW,67,23,PaddusSweden,9
PopYAM_1,YAMBA,65.86667,-111.5333,450,"YAMBABeach,NWT,Canada",,,"WanCase,JoachinObst,KarinClark",13,,,,NWT,NWT,62.6,15.4,1.74,1.1,3.993610224,2018-02-16,20,21,0.952380952,,222,Aug102017,206,YAM,1,YAM,65.86667,-111.5333,YAMBAbeach,9.5
PopYAM_10,YAMBA,65.86667,-111.5333,450,"YAMBABeach,NWT,Canada",,,"WanCase,JoachinObst,KarinClark",13,,,,NWT,NWT,35.4,57.8,,,7.062146893,,,,,,222,Aug102017,206,YAM,10,YAM,65.86667,-111.5333,YAMBAbeach,9.5
PopYAM_2,YAMBA,65.86667,-111.5333,450,"YAMBABeach,NWT,Canada",,,"WanCase,JoachinObst,KarinClark",13,,,,NWT,NWT,40,61.8,1.77,1.28,6.25,2018-02-16,21,24,0.875,,222,Aug102017,206,YAM,2,YAM,65.86667,-111.5333,YAMBAbeach,9.5
PopYAM_3,YAMBA,65.86667,-111.5333,450,"YAMBABeach,NWT,Canada",,,"WanCase,JoachinObst,KarinClark",13,,,,NWT,NWT,71.4,24,1.74,1.11,3.50140056,2018-02-16,23,21,1.095238095,,222,Aug102017,206,YAM,3,YAM,65.86667,-111.5333,YAMBAbeach,9.5
PopYAM_4,YAMBA,65.86667,-111.5333,450,"YAMBABeach,NWT,Canada",,,"WanCase,JoachinObst,KarinClark",13,,,,NWT,NWT,53.6,33.8,1.87,1.75,4.664179104,2018-02-16,22,22,1,,222,Aug102017,206,YAM,4,YAM,65.86667,-111.5333,YAMBAbeach,9.5
PopYAM_5,YAMBA,65.86667,-111.5333,450,"YAMBABeach,NWT,Canada",,,"WanCase,JoachinObst,KarinClark",13,,,,NWT,NWT,41.4,107,,,6.038647343,,,,,,222,Aug102017,206,YAM,5,YAM,65.86667,-111.5333,YAMBAbeach,9.5
PopYAM_6,YAMBA,65.86667,-111.5333,450,"YAMBABeach,NWT,Canada",,,"WanCase,JoachinObst,KarinClark",13,,,,NWT,NWT,34.4,157,,,7.26744186,,,,,,222,Aug102017,206,YAM,6,YAM,65.86667,-111.5333,YAMBAbeach,9.5
PopYAM_7,YAMBA,65.86667,-111.5333,450,"YAMBABeach,NWT,Canada",,,"WanCase,JoachinObst,KarinClark",13,,,,NWT,NWT,39,162,,,6.41025641,,,,,,222,Aug102017,206,YAM,7,YAM,65.86667,-111.5333,YAMBAbeach,9.5
PopYAM_8,YAMBA,65.86667,-111.5333,450,"YAMBABeach,NWT,Canada",,,"WanCase,JoachinObst,KarinClark",13,,,,NWT,NWT,58,166,,,4.310344828,,,,,,222,Aug102017,206,YAM,8,YAM,65.86667,-111.5333,YAMBAbeach,9.5
PopYAM_9,YAMBA,65.86667,-111.5333,450,"YAMBABeach,NWT,Canada",,,"WanCase,JoachinObst,KarinClark",13,,,,NWT,NWT,68.2,71.8,,,3.66568915,,,,,,222,Aug102017,206,YAM,9,YAM,65.86667,-111.5333,YAMBAbeach,9.5
PopYED_1,Yedona,72.61333,126.4295,,"Yedona,LenaRiverDelta,Siberia",,,JuliaBoike,,,,,RUS1,Russia,64.8,49.2,1.54,0.91,3.858024691,,,,,,252,Sept92017,,YED,1,YED,76,124,YedonaRussia,20
PopYED_1a,Yedona,72.61333,126.4295,,"Yedona,LenaRiverDelta,Siberia",,,JuliaBoike,,,,,RUS1,Russia,83.6,155,,,2.990430622,,,,,,252,Sept92017,,YED,1,YED,76,124,YedonaRussia,20
PopYED_2,Yedona,72.61333,126.4295,,"Yedona,LenaRiverDelta,Siberia",,,JuliaBoike,,,,,RUS1,Russia,96,52.6,1.48,0.74,2.604166667,,,,,,252,Sept92017,,YED,2,YED,76,124,YedonaRussia,20
PopYED_2a,Yedona,72.61333,126.4295,,"Yedona,LenaRiverDelta,Siberia",,,JuliaBoike,,,,,RUS1,Russia,74.4,123,,,3.360215054,,,,,,252,Sept92017,,YED,2,YED,76,124,YedonaRussia,20
PopYED_3,Yedona,72.61333,126.4295,,"Yedona,LenaRiverDelta,Siberia",,,JuliaBoike,,,,,RUS1,Russia,49.2,110,1.31,0.43,5.081300813,,,,,,252,Sept92017,,YED,3,YED,76,124,YedonaRussia,20
PopYED_3a,Yedona,72.61333,126.4295,,"Yedona,LenaRiverDelta,Siberia",,,JuliaBoike,,,,,RUS1,Russia,49.4,105,,,5.060728745,,,,,,252,Sept92017,,YED,3,YED,76,124,YedonaRussia,20
PopYED_4,Yedona,72.61333,126.4295,,"Yedona,LenaRiverDelta,Siberia",,,JuliaBoike,,,,,RUS1,Russia,70,64.2,1.18,0.63,3.571428571,,,,,,252,Sept92017,,YED,4,YED,76,124,YedonaRussia,20
PopYED_4a,Yedona,72.61333,126.4295,,"Yedona,LenaRiverDelta,Siberia",,,JuliaBoike,,,,,RUS1,Russia,76,159,,,3.289473684,,,,,,252,Sept92017,,YED,4,YED,76,124,YedonaRussia,20
PopYED_5,Yedona,72.61333,126.4295,,"Yedona,LenaRiverDelta,Siberia",,,JuliaBoike,,,,,RUS1,Russia,91.6,62,1.42,0.84,2.729257642,,,,,,252,Sept92017,,YED,5,YED,76,124,YedonaRussia,20
PopYED_5a,Yedona,72.61333,126.4295,,"Yedona,LenaRiverDelta,Siberia",,,JuliaBoike,,,,,RUS1,Russia,82.6,69.8,,,3.026634383,,,,,,252,Sept92017,,YED,5,YED,76,124,YedonaRussia,20
PopZAC_1,Zackenberg,74.47,-20.5617,75,,,,NielsMartinSchmidt,5,,,,GREEN,Greenland,33.4,59.8,1.57,0.91,7.48502994,2018-03-08,25,23,1.086956522,,NA,,186,ZAC,1,ZAC,74.47,-20.5617,ZackenbergGreenland,10.5
PopZAC_20,Zackenberg,74.47,-20.5617,75,,,,NielsMartinSchmidt,5,,,,GREEN,Greenland,32,310,,,7.8125,,,,,,NA,,186,ZAC,20,ZAC,74.47,-20.5617,ZackenbergGreenland,10.5
PopZAC_21,Zackenberg,74.47,-20.5617,75,,,,NielsMartinSchmidt,5,,,,GREEN,Greenland,81.2,106,,,3.078817734,,,,,,NA,,186,ZAC,21,ZAC,74.47,-20.5617,ZackenbergGreenland,10.5
PopZAC_22,Zackenberg,74.47,-20.5617,75,,,,NielsMartinSchmidt,5,,,,GREEN,Greenland,52.4,170,,,4.770992366,,,,,,NA,,186,ZAC,22,ZAC,74.47,-20.5617,ZackenbergGreenland,10.5
PopZAC_23,Zackenberg,74.47,-20.5617,75,,,,NielsMartinSchmidt,5,,,,GREEN,Greenland,26.4,39.8,1.77,1.38,9.46969697,,,,,,NA,,186,ZAC,23,ZAC,74.47,-20.5617,ZackenbergGreenland,10.5
PopZAC_24,Zackenberg,74.47,-20.5617,75,,,,NielsMartinSchmidt,5,,,,GREEN,Greenland,69.4,108,,,3.602305476,,,,,,NA,,186,ZAC,24,ZAC,74.47,-20.5617,ZackenbergGreenland,10.5
PopZAC_25,Zackenberg,74.47,-20.5617,75,,,,NielsMartinSchmidt,5,,,,GREEN,Greenland,65,153,,,3.846153846,,,,,,NA,,186,ZAC,25,ZAC,74.47,-20.5617,ZackenbergGreenland,10.5
PopZAC_26,Zackenberg,74.47,-20.5617,75,,,,NielsMartinSchmidt,5,,,,GREEN,Greenland,54,248,,,4.62962963,,,,,,NA,,186,ZAC,26,ZAC,74.47,-20.5617,ZackenbergGreenland,10.5
PopZAC_28,Zackenberg,74.47,-20.5617,75,,,,NielsMartinSchmidt,5,,,,GREEN,Greenland,88.8,51,1.77,1.46,2.815315315,,,,,,NA,,186,ZAC,28,ZAC,74.47,-20.5617,ZackenbergGreenland,10.5
PopZAC_7,Zackenberg,74.47,-20.5617,75,,,,NielsMartinSchmidt,5,,,,GREEN,Greenland,32,56.8,1.63,1.05,7.8125,,,,,,NA,,186,ZAC,7,ZAC,74.47,-20.5617,ZackenbergGreenland,10.5
